date,strategy,rank,ticker,weight,predicted_probability,future_stock_return,future_qqq_return,outperformed_qqq
2024-07-31,baseline_rf_top_k,1,AAPL,0.1,0.5857657788076809,0.032353605269078,0.0110387541930649,1
2024-07-31,baseline_rf_top_k,2,QCOM,0.1,0.5782134095881837,-0.0312242667899543,0.0110387541930649,0
2024-07-31,baseline_rf_top_k,3,TSLA,0.1,0.5538900807440696,-0.0773904690267696,0.0110387541930649,0
2024-07-31,baseline_rf_top_k,4,COST,0.1,0.5527249096528654,0.085620331358543,0.0110387541930649,1
2024-07-31,baseline_rf_top_k,5,AMAT,0.1,0.5497186527478629,-0.0686237039668253,0.0110387541930649,0
2024-07-31,baseline_rf_top_k,6,AMZN,0.1,0.5448500990993875,-0.045352422298136,0.0110387541930649,0
2024-07-31,baseline_rf_top_k,7,META,0.1,0.5408691192199041,0.0978876100904015,0.0110387541930649,1
2024-07-31,baseline_rf_top_k,8,GOOGL,0.1,0.5340048606028883,-0.0475689188191061,0.0110387541930649,0
2024-07-31,baseline_rf_top_k,9,GOOG,0.1,0.5281476668164622,-0.0464335721714519,0.0110387541930649,0
2024-07-31,baseline_rf_top_k,10,ADBE,0.1,0.5169202210219225,0.0412579492852254,0.0110387541930649,1
2024-07-31,optimised_rf_top_k,1,AAPL,0.1,0.6212440338229653,0.032353605269078,0.0110387541930649,1
2024-07-31,optimised_rf_top_k,2,QCOM,0.1,0.5743394267382239,-0.0312242667899543,0.0110387541930649,0
2024-07-31,optimised_rf_top_k,3,TSLA,0.1,0.5685625108185424,-0.0773904690267696,0.0110387541930649,0
2024-07-31,optimised_rf_top_k,4,META,0.1,0.551755391359104,0.0978876100904015,0.0110387541930649,1
2024-07-31,optimised_rf_top_k,5,COST,0.1,0.5343974848434403,0.085620331358543,0.0110387541930649,1
2024-07-31,optimised_rf_top_k,6,AMZN,0.1,0.5336209103876217,-0.045352422298136,0.0110387541930649,0
2024-07-31,optimised_rf_top_k,7,ADBE,0.1,0.5312986084491822,0.0412579492852254,0.0110387541930649,1
2024-07-31,optimised_rf_top_k,8,AMAT,0.1,0.5293092509850751,-0.0686237039668253,0.0110387541930649,0
2024-07-31,optimised_rf_top_k,9,GOOG,0.1,0.5245076152662499,-0.0464335721714519,0.0110387541930649,0
2024-07-31,optimised_rf_top_k,10,GOOGL,0.1,0.5197381827243237,-0.0475689188191061,0.0110387541930649,0
2024-08-31,baseline_rf_top_k,1,COST,0.1,0.6079527021870725,-0.0065667126070291,0.0262160295313964,0
2024-08-31,baseline_rf_top_k,2,AAPL,0.1,0.5990241578459968,0.0174671457188737,0.0262160295313964,0
2024-08-31,baseline_rf_top_k,3,QCOM,0.1,0.561607644758635,-0.0249354027347803,0.0262160295313964,0
2024-08-31,baseline_rf_top_k,4,AMGN,0.1,0.5533615369200092,-0.0348080606616325,0.0262160295313964,0
2024-08-31,baseline_rf_top_k,5,AVGO,0.1,0.5462509874052219,0.0629367290972977,0.0262160295313964,1
2024-08-31,baseline_rf_top_k,6,META,0.1,0.5451150538601107,0.0991273179879281,0.0262160295313964,1
2024-08-31,baseline_rf_top_k,7,GOOG,0.1,0.5273145078573582,0.0139305272805616,0.0262160295313964,0
2024-08-31,baseline_rf_top_k,8,CSCO,0.1,0.523093531565682,0.0530273719178453,0.0262160295313964,1
2024-08-31,baseline_rf_top_k,9,ADBE,0.1,0.521959379808977,-0.0985880233548925,0.0262160295313964,0
2024-08-31,baseline_rf_top_k,10,AMD,0.1,0.5215945340008036,0.1044696050586542,0.0262160295313964,1
2024-08-31,optimised_rf_top_k,1,COST,0.1,0.6270421424038561,-0.0065667126070291,0.0262160295313964,0
2024-08-31,optimised_rf_top_k,2,AAPL,0.1,0.6147425334774524,0.0174671457188737,0.0262160295313964,0
2024-08-31,optimised_rf_top_k,3,AVGO,0.1,0.5737301516646002,0.0629367290972977,0.0262160295313964,1
2024-08-31,optimised_rf_top_k,4,AMGN,0.1,0.5546174952433612,-0.0348080606616325,0.0262160295313964,0
2024-08-31,optimised_rf_top_k,5,QCOM,0.1,0.5514799568405121,-0.0249354027347803,0.0262160295313964,0
2024-08-31,optimised_rf_top_k,6,META,0.1,0.5402480950017112,0.0991273179879281,0.0262160295313964,1
2024-08-31,optimised_rf_top_k,7,INTU,0.1,0.5225316519442768,-0.0146923374199152,0.0262160295313964,0
2024-08-31,optimised_rf_top_k,8,TSLA,0.1,0.5171195499657407,0.2219420117556314,0.0262160295313964,1
2024-08-31,optimised_rf_top_k,9,NFLX,0.1,0.5159378755169136,0.0112925043526219,0.0262160295313964,0
2024-08-31,optimised_rf_top_k,10,ADBE,0.1,0.5076205402030809,-0.0985880233548925,0.0262160295313964,0
2024-09-30,baseline_rf_top_k,1,GOOGL,0.1,0.6033341430086984,0.0317151610345349,-0.0086463559104306,1
2024-09-30,baseline_rf_top_k,2,META,0.1,0.5898194835496271,-0.0084898937878576,-0.0086463559104306,1
2024-09-30,baseline_rf_top_k,3,GOOG,0.1,0.5762245717739904,0.0328967713356791,-0.0086463559104306,1
2024-09-30,baseline_rf_top_k,4,AMGN,0.1,0.5671784020883401,-0.0063621979331132,-0.0086463559104306,1
2024-09-30,baseline_rf_top_k,5,AAPL,0.1,0.5559416709120301,-0.0304291846966061,-0.0086463559104306,0
2024-09-30,baseline_rf_top_k,6,TXN,0.1,0.5508709752201113,-0.0100329261207495,-0.0086463559104306,0
2024-09-30,baseline_rf_top_k,7,NFLX,0.1,0.5492763582628319,0.0659268648650508,-0.0086463559104306,1
2024-09-30,baseline_rf_top_k,8,COST,0.1,0.5474448758784081,-0.0139195630400947,-0.0086463559104306,0
2024-09-30,baseline_rf_top_k,9,CSCO,0.1,0.5119974231887333,0.036989338483875,-0.0086463559104306,1
2024-09-30,baseline_rf_top_k,10,INTU,0.1,0.5056428201179454,-0.0155832292427423,-0.0086463559104306,0
2024-09-30,optimised_rf_top_k,1,GOOGL,0.1,0.613366486805075,0.0317151610345349,-0.0086463559104306,1
2024-09-30,optimised_rf_top_k,2,META,0.1,0.594690654595847,-0.0084898937878576,-0.0086463559104306,1
2024-09-30,optimised_rf_top_k,3,GOOG,0.1,0.5738345507739718,0.0328967713356791,-0.0086463559104306,1
2024-09-30,optimised_rf_top_k,4,TXN,0.1,0.5616891817761498,-0.0100329261207495,-0.0086463559104306,0
2024-09-30,optimised_rf_top_k,5,AMGN,0.1,0.5577459324515646,-0.0063621979331132,-0.0086463559104306,1
2024-09-30,optimised_rf_top_k,6,AAPL,0.1,0.5491889429417555,-0.0304291846966061,-0.0086463559104306,0
2024-09-30,optimised_rf_top_k,7,CSCO,0.1,0.5241512601933018,0.036989338483875,-0.0086463559104306,1
2024-09-30,optimised_rf_top_k,8,INTU,0.1,0.5201112868865031,-0.0155832292427423,-0.0086463559104306,0
2024-09-30,optimised_rf_top_k,9,COST,0.1,0.5125076410390033,-0.0139195630400947,-0.0086463559104306,0
2024-09-30,optimised_rf_top_k,10,NFLX,0.1,0.5026095031907415,0.0659268648650508,-0.0086463559104306,1
2024-10-31,baseline_rf_top_k,1,COST,0.1,0.5463086669330368,0.1132390045546267,0.0535082171626466,1
2024-10-31,baseline_rf_top_k,2,CSCO,0.1,0.5426884627527648,0.0810663387539496,0.0535082171626466,1
2024-10-31,baseline_rf_top_k,3,AAPL,0.1,0.5424979003368827,0.0517069693875071,0.0535082171626466,0
2024-10-31,baseline_rf_top_k,4,META,0.1,0.5299808986744673,0.0118749280096819,0.0535082171626466,0
2024-10-31,baseline_rf_top_k,5,ADBE,0.1,0.5293992766997253,0.0791708650573146,0.0535082171626466,1
2024-10-31,baseline_rf_top_k,6,NFLX,0.1,0.5273235827621883,0.1729825996151546,0.0535082171626466,1
2024-10-31,baseline_rf_top_k,7,TXN,0.1,0.5176100996310085,-0.0104842508736225,0.0535082171626466,0
2024-10-31,baseline_rf_top_k,8,MSFT,0.1,0.516480844922413,0.0441925051795559,0.0535082171626466,0
2024-10-31,baseline_rf_top_k,9,AMZN,0.1,0.5060493619190045,0.1152897328156477,0.0535082171626466,1
2024-10-31,baseline_rf_top_k,10,AMD,0.1,0.503715639751678,-0.0478240737014196,0.0535082171626466,0
2024-10-31,optimised_rf_top_k,1,AMZN,0.1,0.5620212298610808,0.1152897328156477,0.0535082171626466,1
2024-10-31,optimised_rf_top_k,2,COST,0.1,0.5512464733492474,0.1132390045546267,0.0535082171626466,1
2024-10-31,optimised_rf_top_k,3,AAPL,0.1,0.5370911161254976,0.0517069693875071,0.0535082171626466,0
2024-10-31,optimised_rf_top_k,4,MSFT,0.1,0.5253716027292371,0.0441925051795559,0.0535082171626466,0
2024-10-31,optimised_rf_top_k,5,CSCO,0.1,0.5227398599186074,0.0810663387539496,0.0535082171626466,1
2024-10-31,optimised_rf_top_k,6,ADBE,0.1,0.5167938283436032,0.0791708650573146,0.0535082171626466,1
2024-10-31,optimised_rf_top_k,7,NFLX,0.1,0.5009541942660855,0.1729825996151546,0.0535082171626466,1
2024-10-31,optimised_rf_top_k,8,TXN,0.1,0.4972079347258185,-0.0104842508736225,0.0535082171626466,0
2024-10-31,optimised_rf_top_k,9,AMGN,0.1,0.4950278292784704,-0.1094076991024316,0.0535082171626466,0
2024-10-31,optimised_rf_top_k,10,NVDA,0.1,0.4913593308226772,0.0413528974667274,0.0535082171626466,0
2024-11-30,baseline_rf_top_k,1,NVDA,0.1,0.6618117875203892,-0.0285769178431161,0.0045404969264244,0
2024-11-30,baseline_rf_top_k,2,META,0.1,0.6123674250922603,0.0203063736401394,0.0045404969264244,1
2024-11-30,baseline_rf_top_k,3,ADBE,0.1,0.5702293212371252,-0.1381001318230681,0.0045404969264244,0
2024-11-30,baseline_rf_top_k,4,NFLX,0.1,0.5602251707189307,0.0050856894888637,0.0045404969264244,1
2024-11-30,baseline_rf_top_k,5,COST,0.1,0.5297113761500633,-0.0572188433973216,0.0045404969264244,0
2024-11-30,baseline_rf_top_k,6,AVGO,0.1,0.5279280086425959,0.4342371835268781,0.0045404969264244,1
2024-11-30,baseline_rf_top_k,7,CSCO,0.1,0.5278224177739038,-0.0001689028922357,0.0045404969264244,0
2024-11-30,baseline_rf_top_k,8,AMZN,0.1,0.5276672104913207,0.0553177162622697,0.0045404969264244,1
2024-11-30,baseline_rf_top_k,9,QCOM,0.1,0.5189614472725314,-0.0259032746563492,0.0045404969264244,0
2024-11-30,baseline_rf_top_k,10,AAPL,0.1,0.5186165462969647,0.0551551975335746,0.0045404969264244,1
2024-11-30,optimised_rf_top_k,1,NVDA,0.1,0.674900482956742,-0.0285769178431161,0.0045404969264244,0
2024-11-30,optimised_rf_top_k,2,META,0.1,0.6056161073164581,0.0203063736401394,0.0045404969264244,1
2024-11-30,optimised_rf_top_k,3,ADBE,0.1,0.5625527135356111,-0.1381001318230681,0.0045404969264244,0
2024-11-30,optimised_rf_top_k,4,NFLX,0.1,0.5400246885260012,0.0050856894888637,0.0045404969264244,1
2024-11-30,optimised_rf_top_k,5,AVGO,0.1,0.5392798545181569,0.4342371835268781,0.0045404969264244,1
2024-11-30,optimised_rf_top_k,6,TSLA,0.1,0.5376171758591002,0.1700080891563131,0.0045404969264244,1
2024-11-30,optimised_rf_top_k,7,GOOG,0.1,0.5322642879182956,0.1182830573454472,0.0045404969264244,1
2024-11-30,optimised_rf_top_k,8,AAPL,0.1,0.51141354205934,0.0551551975335746,0.0045404969264244,1
2024-11-30,optimised_rf_top_k,9,QCOM,0.1,0.5104636203674979,-0.0259032746563492,0.0045404969264244,0
2024-11-30,optimised_rf_top_k,10,GOOGL,0.1,0.5095981772832916,0.1217340405274778,0.0045404969264244,1
2024-12-31,baseline_rf_top_k,1,AMD,0.1,0.6287852148389028,-0.0400695747214202,0.0216339201740081,0
2024-12-31,baseline_rf_top_k,2,ADBE,0.1,0.5967406197967379,-0.0162588391378818,0.0216339201740081,0
2024-12-31,baseline_rf_top_k,3,CSCO,0.1,0.5818244815143714,0.0306240014335366,0.0216339201740081,1
2024-12-31,baseline_rf_top_k,4,META,0.1,0.5701590376374401,0.1770591800762093,0.0216339201740081,1
2024-12-31,baseline_rf_top_k,5,NVDA,0.1,0.567593062848828,-0.1058901733604136,0.0216339201740081,0
2024-12-31,baseline_rf_top_k,6,AAPL,0.1,0.5526375881976325,-0.0575832864423716,0.0216339201740081,0
2024-12-31,baseline_rf_top_k,7,AVGO,0.1,0.5444337784998157,-0.0455917646978838,0.0216339201740081,0
2024-12-31,baseline_rf_top_k,8,AMAT,0.1,0.5412380527297365,0.108959053536314,0.0216339201740081,1
2024-12-31,baseline_rf_top_k,9,QCOM,0.1,0.5345530956734286,0.1257000005641959,0.0216339201740081,1
2024-12-31,baseline_rf_top_k,10,PEP,0.1,0.53191692011145,-0.0090094029665265,0.0216339201740081,0
2024-12-31,optimised_rf_top_k,1,AMD,0.1,0.5962915699092795,-0.0400695747214202,0.0216339201740081,0
2024-12-31,optimised_rf_top_k,2,META,0.1,0.5880786995115789,0.1770591800762093,0.0216339201740081,1
2024-12-31,optimised_rf_top_k,3,ADBE,0.1,0.5818188543313337,-0.0162588391378818,0.0216339201740081,0
2024-12-31,optimised_rf_top_k,4,CSCO,0.1,0.5694399148388777,0.0306240014335366,0.0216339201740081,1
2024-12-31,optimised_rf_top_k,5,AAPL,0.1,0.5444759028239988,-0.0575832864423716,0.0216339201740081,0
2024-12-31,optimised_rf_top_k,6,INTU,0.1,0.541971350851124,-0.0413510438949052,0.0216339201740081,0
2024-12-31,optimised_rf_top_k,7,QCOM,0.1,0.5406159480058165,0.1257000005641959,0.0216339201740081,1
2024-12-31,optimised_rf_top_k,8,AVGO,0.1,0.5297011678861143,-0.0455917646978838,0.0216339201740081,0
2024-12-31,optimised_rf_top_k,9,PEP,0.1,0.5217058700246786,-0.0090094029665265,0.0216339201740081,0
2024-12-31,optimised_rf_top_k,10,COST,0.1,0.5019367989294679,0.0694227926245696,0.0216339201740081,1
2025-01-31,baseline_rf_top_k,1,AMZN,0.1,0.5915933272405676,-0.1068663525715117,-0.0270347304314839,0
2025-01-31,baseline_rf_top_k,2,CSCO,0.1,0.5898720216085723,0.057920856698409,-0.0270347304314839,1
2025-01-31,baseline_rf_top_k,3,ADBE,0.1,0.5813112612559997,0.0025373992926924,-0.0270347304314839,1
2025-01-31,baseline_rf_top_k,4,META,0.1,0.5787386694465393,-0.0304420047440421,-0.0270347304314839,0
2025-01-31,baseline_rf_top_k,5,AMD,0.1,0.5728259812548907,-0.1387666818574638,-0.0270347304314839,0
2025-01-31,baseline_rf_top_k,6,GOOGL,0.1,0.5689694305566887,-0.1653760794155103,-0.0270347304314839,0
2025-01-31,baseline_rf_top_k,7,GOOG,0.1,0.5675429255134328,-0.1623541881738535,-0.0270347304314839,0
2025-01-31,baseline_rf_top_k,8,NFLX,0.1,0.5578142131693447,0.0038903849838498,-0.0270347304314839,1
2025-01-31,baseline_rf_top_k,9,TXN,0.1,0.5254701233196755,0.0616434593694261,-0.0270347304314839,1
2025-01-31,baseline_rf_top_k,10,AMGN,0.1,0.5204687458705822,0.088041664608548,-0.0270347304314839,1
2025-01-31,optimised_rf_top_k,1,CSCO,0.1,0.6330761423769454,0.057920856698409,-0.0270347304314839,1
2025-01-31,optimised_rf_top_k,2,ADBE,0.1,0.6003044202016511,0.0025373992926924,-0.0270347304314839,1
2025-01-31,optimised_rf_top_k,3,GOOGL,0.1,0.5939751064757353,-0.1653760794155103,-0.0270347304314839,0
2025-01-31,optimised_rf_top_k,4,AMZN,0.1,0.5797729172595979,-0.1068663525715117,-0.0270347304314839,0
2025-01-31,optimised_rf_top_k,5,GOOG,0.1,0.5650095822117391,-0.1623541881738535,-0.0270347304314839,0
2025-01-31,optimised_rf_top_k,6,META,0.1,0.5601525562027224,-0.0304420047440421,-0.0270347304314839,0
2025-01-31,optimised_rf_top_k,7,PEP,0.1,0.5593223313535093,0.0184483478148462,-0.0270347304314839,1
2025-01-31,optimised_rf_top_k,8,NFLX,0.1,0.5586965462766108,0.0038903849838498,-0.0270347304314839,1
2025-01-31,optimised_rf_top_k,9,AMD,0.1,0.5331281286741846,-0.1387666818574638,-0.0270347304314839,0
2025-01-31,optimised_rf_top_k,10,TXN,0.1,0.5297475393006726,0.0616434593694261,-0.0270347304314839,1
2025-02-28,baseline_rf_top_k,1,AMD,0.1,0.7111352781853244,0.0288403488465371,-0.075861917921729,1
2025-02-28,baseline_rf_top_k,2,GOOG,0.1,0.6036641254685828,-0.0918128407056253,-0.075861917921729,0
2025-02-28,baseline_rf_top_k,3,GOOGL,0.1,0.6027182480097721,-0.0908027332924799,-0.075861917921729,0
2025-02-28,baseline_rf_top_k,4,AMZN,0.1,0.5958905101855926,-0.1037309421475672,-0.075861917921729,0
2025-02-28,baseline_rf_top_k,5,AMAT,0.1,0.5857715756639954,-0.0819259268794203,-0.075861917921729,0
2025-02-28,baseline_rf_top_k,6,META,0.1,0.5719557441540177,-0.1366765125057577,-0.075861917921729,0
2025-02-28,baseline_rf_top_k,7,NFLX,0.1,0.5576547106661862,-0.0489822286832742,-0.075861917921729,1
2025-02-28,baseline_rf_top_k,8,AMGN,0.1,0.5476632957937031,0.0113287924416656,-0.075861917921729,1
2025-02-28,baseline_rf_top_k,9,CSCO,0.1,0.5452065073089776,-0.0374356837994677,-0.075861917921729,1
2025-02-28,baseline_rf_top_k,10,PEP,0.1,0.5447516721437513,-0.0143631255186652,-0.075861917921729,1
2025-02-28,optimised_rf_top_k,1,AMD,0.1,0.6733650092296364,0.0288403488465371,-0.075861917921729,1
2025-02-28,optimised_rf_top_k,2,GOOGL,0.1,0.5709625511469649,-0.0908027332924799,-0.075861917921729,0
2025-02-28,optimised_rf_top_k,3,AMAT,0.1,0.5688763667514177,-0.0819259268794203,-0.075861917921729,0
2025-02-28,optimised_rf_top_k,4,AMZN,0.1,0.5678789306636086,-0.1037309421475672,-0.075861917921729,0
2025-02-28,optimised_rf_top_k,5,AMGN,0.1,0.5627702249758183,0.0113287924416656,-0.075861917921729,1
2025-02-28,optimised_rf_top_k,6,MSFT,0.1,0.5600959845845592,-0.05440932488195,-0.075861917921729,1
2025-02-28,optimised_rf_top_k,7,NFLX,0.1,0.5567619079134009,-0.0489822286832742,-0.075861917921729,1
2025-02-28,optimised_rf_top_k,8,GOOG,0.1,0.5534954971272071,-0.0918128407056253,-0.075861917921729,0
2025-02-28,optimised_rf_top_k,9,TSLA,0.1,0.5521609927605153,-0.1154345213189201,-0.075861917921729,0
2025-02-28,optimised_rf_top_k,10,AVGO,0.1,0.5337517422825261,-0.157916796394152,-0.075861917921729,0
2025-03-31,baseline_rf_top_k,1,ADBE,0.1,0.644272617844924,-0.0222928788365492,0.01396820088766,0
2025-03-31,baseline_rf_top_k,2,AMZN,0.1,0.6257150068188387,-0.0306948202801552,0.01396820088766,0
2025-03-31,baseline_rf_top_k,3,META,0.1,0.6089883854349418,-0.0474701956279407,0.01396820088766,0
2025-03-31,baseline_rf_top_k,4,GOOG,0.1,0.6050107875939231,0.0298277638405073,0.01396820088766,1
2025-03-31,baseline_rf_top_k,5,GOOGL,0.1,0.6005925367568591,0.0269012401918948,0.01396820088766,1
2025-03-31,baseline_rf_top_k,6,AMD,0.1,0.5824039343848716,-0.0524625219166874,0.01396820088766,0
2025-03-31,baseline_rf_top_k,7,MSFT,0.1,0.5819110427152379,0.0529314476776183,0.01396820088766,1
2025-03-31,baseline_rf_top_k,8,AAPL,0.1,0.578325190189659,-0.0433529542199339,0.01396820088766,0
2025-03-31,baseline_rf_top_k,9,COST,0.1,0.5600353012730848,0.0515130090773394,0.01396820088766,1
2025-03-31,baseline_rf_top_k,10,NVDA,0.1,0.5597553125262323,0.004982410811787,0.01396820088766,0
2025-03-31,optimised_rf_top_k,1,ADBE,0.1,0.6441529108568108,-0.0222928788365492,0.01396820088766,0
2025-03-31,optimised_rf_top_k,2,META,0.1,0.6252279411706234,-0.0474701956279407,0.01396820088766,0
2025-03-31,optimised_rf_top_k,3,AMZN,0.1,0.6156505221538179,-0.0306948202801552,0.01396820088766,0
2025-03-31,optimised_rf_top_k,4,AVGO,0.1,0.5698931273579876,0.1495549814990862,0.01396820088766,1
2025-03-31,optimised_rf_top_k,5,AMD,0.1,0.5637828677598951,-0.0524625219166874,0.01396820088766,0
2025-03-31,optimised_rf_top_k,6,MSFT,0.1,0.5546692076593102,0.0529314476776183,0.01396820088766,1
2025-03-31,optimised_rf_top_k,7,COST,0.1,0.5543735113176051,0.0515130090773394,0.01396820088766,1
2025-03-31,optimised_rf_top_k,8,NVDA,0.1,0.552504798295514,0.004982410811787,0.01396820088766,0
2025-03-31,optimised_rf_top_k,9,QCOM,0.1,0.5518908307849014,-0.03352658226324,0.01396820088766,0
2025-03-31,optimised_rf_top_k,10,AAPL,0.1,0.5473366006079323,-0.0433529542199339,0.01396820088766,0
2025-04-30,baseline_rf_top_k,1,META,0.1,0.6344502600976619,0.1793988952886178,0.0917828863360947,1
2025-04-30,baseline_rf_top_k,2,AMD,0.1,0.612144554942719,0.1374422711097356,0.0917828863360947,1
2025-04-30,baseline_rf_top_k,3,AMZN,0.1,0.611158036943457,0.1116473080052216,0.0917828863360947,1
2025-04-30,baseline_rf_top_k,4,AAPL,0.1,0.5766619287362393,-0.053584070052247,0.0917828863360947,0
2025-04-30,baseline_rf_top_k,5,GOOGL,0.1,0.5660010557192757,0.0814862453936164,0.0917828863360947,0
2025-04-30,baseline_rf_top_k,6,ADBE,0.1,0.5648425881654834,0.1069656626390811,0.0917828863360947,1
2025-04-30,baseline_rf_top_k,7,GOOG,0.1,0.5584586477165955,0.0743364719505135,0.0917828863360947,0
2025-04-30,baseline_rf_top_k,8,QCOM,0.1,0.5545937581745236,-0.0219586851077657,0.0917828863360947,0
2025-04-30,baseline_rf_top_k,9,AVGO,0.1,0.553360543893166,0.2577025845783409,0.0917828863360947,1
2025-04-30,baseline_rf_top_k,10,TSLA,0.1,0.5486299313563912,0.2278848417863253,0.0917828863360947,1
2025-04-30,optimised_rf_top_k,1,AMD,0.1,0.6097889149597833,0.1374422711097356,0.0917828863360947,1
2025-04-30,optimised_rf_top_k,2,META,0.1,0.6059099551718398,0.1793988952886178,0.0917828863360947,1
2025-04-30,optimised_rf_top_k,3,AMZN,0.1,0.5858779572241078,0.1116473080052216,0.0917828863360947,1
2025-04-30,optimised_rf_top_k,4,GOOGL,0.1,0.5725136875318786,0.0814862453936164,0.0917828863360947,0
2025-04-30,optimised_rf_top_k,5,GOOG,0.1,0.5684114110135,0.0743364719505135,0.0917828863360947,0
2025-04-30,optimised_rf_top_k,6,ADBE,0.1,0.5673833333212105,0.1069656626390811,0.0917828863360947,1
2025-04-30,optimised_rf_top_k,7,AAPL,0.1,0.5413141345865614,-0.053584070052247,0.0917828863360947,0
2025-04-30,optimised_rf_top_k,8,AVGO,0.1,0.5305283799430234,0.2577025845783409,0.0917828863360947,1
2025-04-30,optimised_rf_top_k,9,NVDA,0.1,0.5225165101630267,0.2406353870147419,0.0917828863360947,1
2025-04-30,optimised_rf_top_k,10,PEP,0.1,0.5188271245740256,-0.0304617426747452,0.0917828863360947,0
2025-05-31,baseline_rf_top_k,1,NFLX,0.1,0.5355795264652583,0.1092583423100148,0.0638584828848247,1
2025-05-31,baseline_rf_top_k,2,AMGN,0.1,0.5223159651577435,-0.0311262854478173,0.0638584828848247,0
2025-05-31,baseline_rf_top_k,3,AMD,0.1,0.5220103321049727,0.28149543569574,0.0638584828848247,1
2025-05-31,baseline_rf_top_k,4,AVGO,0.1,0.5186771564835634,0.1414003058186692,0.0638584828848247,1
2025-05-31,baseline_rf_top_k,5,TSLA,0.1,0.5140059922487067,-0.0831264460638392,0.0638584828848247,0
2025-05-31,baseline_rf_top_k,6,AAPL,0.1,0.5137971184593741,0.0215085289391445,0.0638584828848247,0
2025-05-31,baseline_rf_top_k,7,MSFT,0.1,0.5128782974878957,0.0804805734668925,0.0638584828848247,1
2025-05-31,baseline_rf_top_k,8,COST,0.1,0.5110719535093907,-0.0482994721044787,0.0638584828848247,0
2025-05-31,baseline_rf_top_k,9,PEP,0.1,0.5049747455124917,0.0155101802790666,0.0638584828848247,0
2025-05-31,baseline_rf_top_k,10,QCOM,0.1,0.4942612154817381,0.1034205891671358,0.0638584828848247,1
2025-05-31,optimised_rf_top_k,1,NFLX,0.1,0.5468303935949885,0.1092583423100148,0.0638584828848247,1
2025-05-31,optimised_rf_top_k,2,PEP,0.1,0.5362441443229105,0.0155101802790666,0.0638584828848247,0
2025-05-31,optimised_rf_top_k,3,AVGO,0.1,0.5285995137035017,0.1414003058186692,0.0638584828848247,1
2025-05-31,optimised_rf_top_k,4,AMGN,0.1,0.5265232791709021,-0.0311262854478173,0.0638584828848247,0
2025-05-31,optimised_rf_top_k,5,MSFT,0.1,0.512075050666556,0.0804805734668925,0.0638584828848247,1
2025-05-31,optimised_rf_top_k,6,AMD,0.1,0.5111806618500871,0.28149543569574,0.0638584828848247,1
2025-05-31,optimised_rf_top_k,7,AAPL,0.1,0.4766343045005562,0.0215085289391445,0.0638584828848247,0
2025-05-31,optimised_rf_top_k,8,COST,0.1,0.4758282435367196,-0.0482994721044787,0.0638584828848247,0
2025-05-31,optimised_rf_top_k,9,INTU,0.1,0.4753567155242199,0.0453369160230405,0.0638584828848247,0
2025-05-31,optimised_rf_top_k,10,TSLA,0.1,0.4657131306788488,-0.0831264460638392,0.0638584828848247,0
2025-06-30,baseline_rf_top_k,1,NFLX,0.1,0.6514625944511538,-0.1342139500795455,0.0242369186733282,0
2025-06-30,baseline_rf_top_k,2,AVGO,0.1,0.6065863094017614,0.0654816803055005,0.0242369186733282,1
2025-06-30,baseline_rf_top_k,3,NVDA,0.1,0.5665739132240918,0.1258306729394935,0.0242369186733282,1
2025-06-30,baseline_rf_top_k,4,INTU,0.1,0.5508422616007759,-0.0018251833716849,0.0242369186733282,0
2025-06-30,baseline_rf_top_k,5,MSFT,0.1,0.5474557400045685,0.0725558461078348,0.0242369186733282,1
2025-06-30,baseline_rf_top_k,6,AMD,0.1,0.5384878618021122,0.2424947508257919,0.0242369186733282,1
2025-06-30,baseline_rf_top_k,7,AMAT,0.1,0.5369651686145044,-0.0164418137437969,0.0242369186733282,0
2025-06-30,baseline_rf_top_k,8,GOOG,0.1,0.5303186854699851,0.087208877525819,0.0242369186733282,1
2025-06-30,baseline_rf_top_k,9,AMGN,0.1,0.5209790609936937,0.0569106167026227,0.0242369186733282,1
2025-06-30,baseline_rf_top_k,10,META,0.1,0.5131271006134257,0.047893857332087,0.0242369186733282,1
2025-06-30,optimised_rf_top_k,1,NFLX,0.1,0.6886334038969025,-0.1342139500795455,0.0242369186733282,0
2025-06-30,optimised_rf_top_k,2,AVGO,0.1,0.6233529897523921,0.0654816803055005,0.0242369186733282,1
2025-06-30,optimised_rf_top_k,3,MSFT,0.1,0.6184238213305806,0.0725558461078348,0.0242369186733282,1
2025-06-30,optimised_rf_top_k,4,INTU,0.1,0.5625862650274112,-0.0018251833716849,0.0242369186733282,0
2025-06-30,optimised_rf_top_k,5,NVDA,0.1,0.5514324011481335,0.1258306729394935,0.0242369186733282,1
2025-06-30,optimised_rf_top_k,6,PEP,0.1,0.5345616011509532,0.0445318749952694,0.0242369186733282,1
2025-06-30,optimised_rf_top_k,7,AMD,0.1,0.5341772304439948,0.2424947508257919,0.0242369186733282,1
2025-06-30,optimised_rf_top_k,8,GOOG,0.1,0.5235937773421167,0.087208877525819,0.0242369186733282,1
2025-06-30,optimised_rf_top_k,9,AMAT,0.1,0.5118840395886216,-0.0164418137437969,0.0242369186733282,0
2025-06-30,optimised_rf_top_k,10,AAPL,0.1,0.5096825409245742,0.0116977010484968,0.0242369186733282,0
2025-07-31,baseline_rf_top_k,1,AVGO,0.1,0.6309373404881407,0.0125637968511274,0.009539601296203,1
2025-07-31,baseline_rf_top_k,2,META,0.1,0.6134290163544927,-0.0449162370501456,0.009539601296203,0
2025-07-31,baseline_rf_top_k,3,AMD,0.1,0.6091647442636717,-0.0775905669854877,0.009539601296203,0
2025-07-31,baseline_rf_top_k,4,NVDA,0.1,0.5859772862607336,-0.0207454732826847,0.009539601296203,0
2025-07-31,baseline_rf_top_k,5,CSCO,0.1,0.5630280857702459,0.0148353550797901,0.009539601296203,1
2025-07-31,baseline_rf_top_k,6,AMAT,0.1,0.5585032078896723,-0.104627632970725,0.009539601296203,0
2025-07-31,baseline_rf_top_k,7,NFLX,0.1,0.5459107771160464,0.0421338140759894,0.009539601296203,1
2025-07-31,baseline_rf_top_k,8,ADBE,0.1,0.5347598254950603,-0.0027677324711841,0.009539601296203,0
2025-07-31,baseline_rf_top_k,9,GOOGL,0.1,0.5343657363390377,0.1094840646563244,0.009539601296203,1
2025-07-31,baseline_rf_top_k,10,MSFT,0.1,0.5325190912882645,-0.0486917118745919,0.009539601296203,0
2025-07-31,optimised_rf_top_k,1,AVGO,0.1,0.6435047810299663,0.0125637968511274,0.009539601296203,1
2025-07-31,optimised_rf_top_k,2,AMD,0.1,0.6007086567217922,-0.0775905669854877,0.009539601296203,0
2025-07-31,optimised_rf_top_k,3,NVDA,0.1,0.6003829992876998,-0.0207454732826847,0.009539601296203,0
2025-07-31,optimised_rf_top_k,4,AMAT,0.1,0.587423199267919,-0.104627632970725,0.009539601296203,0
2025-07-31,optimised_rf_top_k,5,CSCO,0.1,0.5853653861789261,0.0148353550797901,0.009539601296203,1
2025-07-31,optimised_rf_top_k,6,NFLX,0.1,0.5803236740045796,0.0421338140759894,0.009539601296203,1
2025-07-31,optimised_rf_top_k,7,META,0.1,0.5685320981445916,-0.0449162370501456,0.009539601296203,0
2025-07-31,optimised_rf_top_k,8,GOOGL,0.1,0.5637213274742142,0.1094840646563244,0.009539601296203,1
2025-07-31,optimised_rf_top_k,9,GOOG,0.1,0.5434585087021083,0.1071762016293691,0.009539601296203,1
2025-07-31,optimised_rf_top_k,10,PEP,0.1,0.5176084333717191,0.0777986006766586,0.009539601296203,1
2025-08-31,baseline_rf_top_k,1,MSFT,0.1,0.6038759954276334,0.0222226828637941,0.0537623217326979,0
2025-08-31,baseline_rf_top_k,2,AVGO,0.1,0.5840706374043191,0.1112520962130114,0.0537623217326979,1
2025-08-31,baseline_rf_top_k,3,NVDA,0.1,0.5704428170506444,0.0712511196392733,0.0537623217326979,1
2025-08-31,baseline_rf_top_k,4,GOOG,0.1,0.5666098514587928,0.1416086578417525,0.0537623217326979,1
2025-08-31,baseline_rf_top_k,5,ADBE,0.1,0.5647040040383773,-0.0110737652701246,0.0537623217326979,0
2025-08-31,baseline_rf_top_k,6,AMD,0.1,0.5578979659356366,-0.0051651698423361,0.0537623217326979,0
2025-08-31,baseline_rf_top_k,7,GOOGL,0.1,0.5540893064797409,0.1428183421128872,0.0537623217326979,1
2025-08-31,baseline_rf_top_k,8,INTU,0.1,0.5426100073464084,0.023853112192002,0.0537623217326979,0
2025-08-31,baseline_rf_top_k,9,CSCO,0.1,0.5383990670738282,-0.0096973023724492,0.0537623217326979,0
2025-08-31,baseline_rf_top_k,10,PEP,0.1,0.5325291379771747,-0.045988077781585,0.0537623217326979,0
2025-08-31,optimised_rf_top_k,1,MSFT,0.1,0.6284649894475755,0.0222226828637941,0.0537623217326979,0
2025-08-31,optimised_rf_top_k,2,AVGO,0.1,0.6002289656398407,0.1112520962130114,0.0537623217326979,1
2025-08-31,optimised_rf_top_k,3,NVDA,0.1,0.5823038285631251,0.0712511196392733,0.0537623217326979,1
2025-08-31,optimised_rf_top_k,4,AAPL,0.1,0.5788812206759825,0.0968812192629327,0.0537623217326979,1
2025-08-31,optimised_rf_top_k,5,ADBE,0.1,0.5771720494498858,-0.0110737652701246,0.0537623217326979,0
2025-08-31,optimised_rf_top_k,6,AMD,0.1,0.5526217014553395,-0.0051651698423361,0.0537623217326979,0
2025-08-31,optimised_rf_top_k,7,GOOG,0.1,0.5511877304048227,0.1416086578417525,0.0537623217326979,1
2025-08-31,optimised_rf_top_k,8,PEP,0.1,0.5440409457268729,-0.045988077781585,0.0537623217326979,0
2025-08-31,optimised_rf_top_k,9,INTU,0.1,0.5375135074092634,0.023853112192002,0.0537623217326979,0
2025-08-31,optimised_rf_top_k,10,CSCO,0.1,0.5338930886957568,-0.0096973023724492,0.0537623217326979,0
2025-09-30,baseline_rf_top_k,1,TSLA,0.1,0.6326197936504583,0.026623485126352,0.0478038018648532,0
2025-09-30,baseline_rf_top_k,2,MSFT,0.1,0.5904652663855443,-0.0002703764529621,0.0478038018648532,0
2025-09-30,baseline_rf_top_k,3,ADBE,0.1,0.5702337226556129,-0.0352657758792525,0.0478038018648532,0
2025-09-30,baseline_rf_top_k,4,AMD,0.1,0.570074717116168,0.5830397783886911,0.0478038018648532,1
2025-09-30,baseline_rf_top_k,5,AAPL,0.1,0.555340085089316,0.061815207668346,0.0478038018648532,1
2025-09-30,baseline_rf_top_k,6,GOOG,0.1,0.5463593419115257,0.1571341494419047,0.0478038018648532,1
2025-09-30,baseline_rf_top_k,7,NVDA,0.1,0.5386560248790275,0.0852717678839181,0.0478038018648532,1
2025-09-30,baseline_rf_top_k,8,AMAT,0.1,0.5353531306028443,0.1385171454787337,0.0478038018648532,1
2025-09-30,baseline_rf_top_k,9,GOOGL,0.1,0.5316714124958781,0.1566844484934648,0.0478038018648532,1
2025-09-30,baseline_rf_top_k,10,NFLX,0.1,0.5313103851381197,-0.0667767392171451,0.0478038018648532,0
2025-09-30,optimised_rf_top_k,1,TSLA,0.1,0.6031200635728317,0.026623485126352,0.0478038018648532,0
2025-09-30,optimised_rf_top_k,2,MSFT,0.1,0.5691063761614388,-0.0002703764529621,0.0478038018648532,0
2025-09-30,optimised_rf_top_k,3,CSCO,0.1,0.5664539772993564,0.0749992601883446,0.0478038018648532,1
2025-09-30,optimised_rf_top_k,4,AMD,0.1,0.5629001533294503,0.5830397783886911,0.0478038018648532,1
2025-09-30,optimised_rf_top_k,5,ADBE,0.1,0.5564668721700102,-0.0352657758792525,0.0478038018648532,0
2025-09-30,optimised_rf_top_k,6,AAPL,0.1,0.5513811971772896,0.061815207668346,0.0478038018648532,1
2025-09-30,optimised_rf_top_k,7,NFLX,0.1,0.538944864209327,-0.0667767392171451,0.0478038018648532,0
2025-09-30,optimised_rf_top_k,8,AMAT,0.1,0.5360082012377557,0.1385171454787337,0.0478038018648532,1
2025-09-30,optimised_rf_top_k,9,NVDA,0.1,0.5218733074957421,0.0852717678839181,0.0478038018648532,1
2025-09-30,optimised_rf_top_k,10,INTU,0.1,0.5121413677286547,-0.0207055033133902,0.0478038018648532,0
2025-10-31,baseline_rf_top_k,1,GOOG,0.1,0.6234620520890192,0.1359020785724563,-0.0156103125344173,1
2025-10-31,baseline_rf_top_k,2,GOOGL,0.1,0.6090075295337158,0.1386606475547467,-0.0156103125344173,1
2025-10-31,baseline_rf_top_k,3,TSLA,0.1,0.596024373015671,-0.0578017878744897,-0.0156103125344173,0
2025-10-31,baseline_rf_top_k,4,QCOM,0.1,0.5906780945832902,-0.070812533929409,-0.0156103125344173,0
2025-10-31,baseline_rf_top_k,5,PEP,0.1,0.563957501319927,0.0181395642422692,-0.0156103125344173,1
2025-10-31,baseline_rf_top_k,6,AMD,0.1,0.5637622521099682,-0.1506715487802262,-0.0156103125344173,0
2025-10-31,baseline_rf_top_k,7,MSFT,0.1,0.5482300044723917,-0.0480467906235131,-0.0156103125344173,0
2025-10-31,baseline_rf_top_k,8,META,0.1,0.5226776698658829,-0.0006168941794297,-0.0156103125344173,1
2025-10-31,baseline_rf_top_k,9,AAPL,0.1,0.5168199316899753,0.0323641735556694,-0.0156103125344173,1
2025-10-31,baseline_rf_top_k,10,NVDA,0.1,0.514209532934338,-0.1258827775133191,-0.0156103125344173,0
2025-10-31,optimised_rf_top_k,1,QCOM,0.1,0.6265147978356757,-0.070812533929409,-0.0156103125344173,0
2025-10-31,optimised_rf_top_k,2,TSLA,0.1,0.6173466520311259,-0.0578017878744897,-0.0156103125344173,0
2025-10-31,optimised_rf_top_k,3,GOOG,0.1,0.6129222448679408,0.1359020785724563,-0.0156103125344173,1
2025-10-31,optimised_rf_top_k,4,GOOGL,0.1,0.5930882027228628,0.1386606475547467,-0.0156103125344173,1
2025-10-31,optimised_rf_top_k,5,MSFT,0.1,0.5719175971962625,-0.0480467906235131,-0.0156103125344173,0
2025-10-31,optimised_rf_top_k,6,AMD,0.1,0.5632485569944741,-0.1506715487802262,-0.0156103125344173,0
2025-10-31,optimised_rf_top_k,7,META,0.1,0.5363328922569506,-0.0006168941794297,-0.0156103125344173,1
2025-10-31,optimised_rf_top_k,8,PEP,0.1,0.5154567394905489,0.0181395642422692,-0.0156103125344173,1
2025-10-31,optimised_rf_top_k,9,ADBE,0.1,0.5103868852798393,-0.0592988534587692,-0.0156103125344173,0
2025-10-31,optimised_rf_top_k,10,NVDA,0.1,0.4967526968053459,-0.1258827775133191,-0.0156103125344173,0
2025-11-30,baseline_rf_top_k,1,NVDA,0.1,0.6372483815949991,0.0537309315347924,-0.006699365349315,1
2025-11-30,baseline_rf_top_k,2,AMAT,0.1,0.6172063692801337,0.018790852645824,-0.006699365349315,1
2025-11-30,baseline_rf_top_k,3,GOOGL,0.1,0.610376672350351,-0.0217854356294473,-0.006699365349315,0
2025-11-30,baseline_rf_top_k,4,GOOG,0.1,0.6093537627361585,-0.0191029452093197,-0.006699365349315,0
2025-11-30,baseline_rf_top_k,5,AAPL,0.1,0.5445323316298332,-0.0250672886268734,-0.006699365349315,0
2025-11-30,baseline_rf_top_k,6,META,0.1,0.5434318395648626,0.0195668422097461,-0.006699365349315,1
2025-11-30,baseline_rf_top_k,7,ADBE,0.1,0.5381032944715068,0.0932745600103717,-0.006699365349315,1
2025-11-30,baseline_rf_top_k,8,TSLA,0.1,0.5296063828056412,0.0454471190057812,-0.006699365349315,1
2025-11-30,baseline_rf_top_k,9,AVGO,0.1,0.5167830007145102,-0.1394624026139842,-0.006699365349315,0
2025-11-30,baseline_rf_top_k,10,CSCO,0.1,0.5159225926226405,0.0011697467886038,-0.006699365349315,1
2025-11-30,optimised_rf_top_k,1,NVDA,0.1,0.6133613839232857,0.0537309315347924,-0.006699365349315,1
2025-11-30,optimised_rf_top_k,2,GOOG,0.1,0.6002041505470946,-0.0191029452093197,-0.006699365349315,0
2025-11-30,optimised_rf_top_k,3,AMAT,0.1,0.5981381714795196,0.018790852645824,-0.006699365349315,1
2025-11-30,optimised_rf_top_k,4,GOOGL,0.1,0.5771786231797827,-0.0217854356294473,-0.006699365349315,0
2025-11-30,optimised_rf_top_k,5,META,0.1,0.5391214955005459,0.0195668422097461,-0.006699365349315,1
2025-11-30,optimised_rf_top_k,6,TXN,0.1,0.5301095056050077,0.0310215514564426,-0.006699365349315,1
2025-11-30,optimised_rf_top_k,7,TSLA,0.1,0.5272781189817145,0.0454471190057812,-0.006699365349315,1
2025-11-30,optimised_rf_top_k,8,ADBE,0.1,0.5219671190316089,0.0932745600103717,-0.006699365349315,1
2025-11-30,optimised_rf_top_k,9,CSCO,0.1,0.5042761334985477,0.0011697467886038,-0.006699365349315,1
2025-11-30,optimised_rf_top_k,10,AVGO,0.1,0.5009269881528157,-0.1394624026139842,-0.006699365349315,0
2025-12-31,baseline_rf_top_k,1,GOOGL,0.1,0.6175940704464316,0.0798721982346861,0.0123065646397895,1
2025-12-31,baseline_rf_top_k,2,GOOG,0.1,0.6082357914959495,0.0788082474752849,0.0123065646397895,1
2025-12-31,baseline_rf_top_k,3,AMAT,0.1,0.6068164908561501,0.2542123227822093,0.0123065646397895,1
2025-12-31,baseline_rf_top_k,4,AVGO,0.1,0.5933116569809677,-0.0427621654672941,0.0123065646397895,0
2025-12-31,baseline_rf_top_k,5,AAPL,0.1,0.58205027110832,-0.0455380852534945,0.0123065646397895,0
2025-12-31,baseline_rf_top_k,6,AMGN,0.1,0.5344219051793739,0.0445145017961234,0.0123065646397895,1
2025-12-31,baseline_rf_top_k,7,NFLX,0.1,0.5302696974880649,-0.1095350260075607,0.0123065646397895,0
2025-12-31,baseline_rf_top_k,8,AMD,0.1,0.5262626166206166,0.1053884557316289,0.0123065646397895,1
2025-12-31,baseline_rf_top_k,9,TXN,0.1,0.507858795891044,0.250544398871003,0.0123065646397895,1
2025-12-31,baseline_rf_top_k,10,PEP,0.1,0.5055980219385373,0.0704431840082866,0.0123065646397895,1
2025-12-31,optimised_rf_top_k,1,GOOGL,0.1,0.6221302967380087,0.0798721982346861,0.0123065646397895,1
2025-12-31,optimised_rf_top_k,2,AMAT,0.1,0.6210432357339088,0.2542123227822093,0.0123065646397895,1
2025-12-31,optimised_rf_top_k,3,GOOG,0.1,0.6116731367744147,0.0788082474752849,0.0123065646397895,1
2025-12-31,optimised_rf_top_k,4,AAPL,0.1,0.6094896409664861,-0.0455380852534945,0.0123065646397895,0
2025-12-31,optimised_rf_top_k,5,AVGO,0.1,0.5890747821202834,-0.0427621654672941,0.0123065646397895,0
2025-12-31,optimised_rf_top_k,6,TXN,0.1,0.5503848732701552,0.250544398871003,0.0123065646397895,1
2025-12-31,optimised_rf_top_k,7,NFLX,0.1,0.5302422919719229,-0.1095350260075607,0.0123065646397895,0
2025-12-31,optimised_rf_top_k,8,AMD,0.1,0.5221070739800605,0.1053884557316289,0.0123065646397895,1
2025-12-31,optimised_rf_top_k,9,COST,0.1,0.5108978856577561,0.0918366644400849,0.0123065646397895,1
2025-12-31,optimised_rf_top_k,10,AMGN,0.1,0.495037901980123,0.0445145017961234,0.0123065646397895,1
2026-01-31,baseline_rf_top_k,1,ADBE,0.1,0.6250775927505781,-0.1051662279211956,-0.023445512550915,0
2026-01-31,baseline_rf_top_k,2,INTU,0.1,0.6215148026158143,-0.1801692270364647,-0.023445512550915,0
2026-01-31,baseline_rf_top_k,3,TXN,0.1,0.5871803775319525,-0.0159591646198673,-0.023445512550915,1
2026-01-31,baseline_rf_top_k,4,AMAT,0.1,0.5861483739873374,0.156503769293407,-0.023445512550915,1
2026-01-31,baseline_rf_top_k,5,GOOG,0.1,0.5722546477788601,-0.0800520829807351,-0.023445512550915,0
2026-01-31,baseline_rf_top_k,6,GOOGL,0.1,0.5694101388438297,-0.0776330856383754,-0.023445512550915,0
2026-01-31,baseline_rf_top_k,7,AMGN,0.1,0.5347249871939683,0.1432362323324021,-0.023445512550915,1
2026-01-31,baseline_rf_top_k,8,AAPL,0.1,0.5243868869213968,0.0190657972612526,-0.023445512550915,1
2026-01-31,baseline_rf_top_k,9,PEP,0.1,0.5205720185975549,0.1048623309826402,-0.023445512550915,1
2026-01-31,baseline_rf_top_k,10,TSLA,0.1,0.5152645331987562,-0.0648218992567539,-0.023445512550915,0
2026-01-31,optimised_rf_top_k,1,ADBE,0.1,0.6385587985802361,-0.1051662279211956,-0.023445512550915,0
2026-01-31,optimised_rf_top_k,2,INTU,0.1,0.6100872840294636,-0.1801692270364647,-0.023445512550915,0
2026-01-31,optimised_rf_top_k,3,TXN,0.1,0.6022801466865475,-0.0159591646198673,-0.023445512550915,1
2026-01-31,optimised_rf_top_k,4,AMAT,0.1,0.544292980085025,0.156503769293407,-0.023445512550915,1
2026-01-31,optimised_rf_top_k,5,AMGN,0.1,0.5417857355933452,0.1432362323324021,-0.023445512550915,1
2026-01-31,optimised_rf_top_k,6,MSFT,0.1,0.5366069285503202,-0.0851834667392735,-0.023445512550915,0
2026-01-31,optimised_rf_top_k,7,PEP,0.1,0.5294536860637229,0.1048623309826402,-0.023445512550915,1
2026-01-31,optimised_rf_top_k,8,GOOG,0.1,0.5251799641518059,-0.0800520829807351,-0.023445512550915,0
2026-01-31,optimised_rf_top_k,9,GOOGL,0.1,0.5192084226496526,-0.0776330856383754,-0.023445512550915,0
2026-01-31,optimised_rf_top_k,10,AAPL,0.1,0.5120488560317762,0.0190657972612526,-0.023445512550915,1
2026-02-28,baseline_rf_top_k,1,AMZN,0.1,0.674399701989688,-0.0082380748930432,-0.04838249516441,1
2026-02-28,baseline_rf_top_k,2,ADBE,0.1,0.6453135981647958,-0.0736633571940529,-0.04838249516441,0
2026-02-28,baseline_rf_top_k,3,INTU,0.1,0.630437131708995,0.0570863065314828,-0.04838249516441,1
2026-02-28,baseline_rf_top_k,4,MSFT,0.1,0.6072163833975797,-0.0574680152016615,-0.04838249516441,0
2026-02-28,baseline_rf_top_k,5,QCOM,0.1,0.6053096496660563,-0.0895839606291548,-0.04838249516441,0
2026-02-28,baseline_rf_top_k,6,AMGN,0.1,0.592401317678564,-0.0935438483422475,-0.04838249516441,0
2026-02-28,baseline_rf_top_k,7,GOOG,0.1,0.5803484212521065,-0.0782452642465085,-0.04838249516441,0
2026-02-28,baseline_rf_top_k,8,GOOGL,0.1,0.5797077485054061,-0.0769745802781913,-0.04838249516441,0
2026-02-28,baseline_rf_top_k,9,AMD,0.1,0.574375371413697,0.016083042075494,-0.04838249516441,1
2026-02-28,baseline_rf_top_k,10,PEP,0.1,0.5659003165159195,-0.0769567063191792,-0.04838249516441,0
2026-02-28,optimised_rf_top_k,1,ADBE,0.1,0.6555442542027037,-0.0736633571940529,-0.04838249516441,0
2026-02-28,optimised_rf_top_k,2,INTU,0.1,0.6531200313304811,0.0570863065314828,-0.04838249516441,1
2026-02-28,optimised_rf_top_k,3,AMZN,0.1,0.644158757109792,-0.0082380748930432,-0.04838249516441,1
2026-02-28,optimised_rf_top_k,4,AMGN,0.1,0.6243192602964732,-0.0935438483422475,-0.04838249516441,0
2026-02-28,optimised_rf_top_k,5,QCOM,0.1,0.6225897713701101,-0.0895839606291548,-0.04838249516441,0
2026-02-28,optimised_rf_top_k,6,GOOG,0.1,0.6205528827365137,-0.0782452642465085,-0.04838249516441,0
2026-02-28,optimised_rf_top_k,7,MSFT,0.1,0.6141216827444991,-0.0574680152016615,-0.04838249516441,0
2026-02-28,optimised_rf_top_k,8,GOOGL,0.1,0.612822340666546,-0.0769745802781913,-0.04838249516441,0
2026-02-28,optimised_rf_top_k,9,PEP,0.1,0.598761324457114,-0.0769567063191792,-0.04838249516441,0
2026-02-28,optimised_rf_top_k,10,AMD,0.1,0.5688612177742467,0.016083042075494,-0.04838249516441,1
2026-03-31,baseline_rf_top_k,1,ADBE,0.1,0.6871888384305542,0.0124239108512096,0.1569007687376087,0
2026-03-31,baseline_rf_top_k,2,GOOGL,0.1,0.6215681939044667,0.3381554975124616,0.1569007687376087,1
2026-03-31,baseline_rf_top_k,3,TXN,0.1,0.6179615002015729,0.4478210837502554,0.1569007687376087,1
2026-03-31,baseline_rf_top_k,4,GOOG,0.1,0.6179068101100018,0.3314509609892264,0.1569007687376087,1
2026-03-31,baseline_rf_top_k,5,TSLA,0.1,0.595178364716741,0.0265770138071621,0.1569007687376087,0
2026-03-31,baseline_rf_top_k,6,MSFT,0.1,0.5777863042535449,0.1016019642556758,0.1569007687376087,0
2026-03-31,baseline_rf_top_k,7,QCOM,0.1,0.574832396114831,0.3944712296321808,0.1569007687376087,1
2026-03-31,baseline_rf_top_k,8,AMGN,0.1,0.5727516307454036,-0.0159159172280719,0.1569007687376087,0
2026-03-31,baseline_rf_top_k,9,CSCO,0.1,0.5572264890954063,0.1856658589490689,0.1569007687376087,1
2026-03-31,baseline_rf_top_k,10,INTU,0.1,0.5516144194063761,-0.098708126210196,0.1569007687376087,0
2026-03-31,optimised_rf_top_k,1,ADBE,0.1,0.6487868162309794,0.0124239108512096,0.1569007687376087,0
2026-03-31,optimised_rf_top_k,2,GOOGL,0.1,0.6283832637779331,0.3381554975124616,0.1569007687376087,1
2026-03-31,optimised_rf_top_k,3,GOOG,0.1,0.6254203140320581,0.3314509609892264,0.1569007687376087,1
2026-03-31,optimised_rf_top_k,4,TXN,0.1,0.6202645192365256,0.4478210837502554,0.1569007687376087,1
2026-03-31,optimised_rf_top_k,5,MSFT,0.1,0.6031304325728944,0.1016019642556758,0.1569007687376087,0
2026-03-31,optimised_rf_top_k,6,QCOM,0.1,0.5934846597082459,0.3944712296321808,0.1569007687376087,1
2026-03-31,optimised_rf_top_k,7,AMGN,0.1,0.5918640341418434,-0.0159159172280719,0.1569007687376087,0
2026-03-31,optimised_rf_top_k,8,INTU,0.1,0.5877680690320508,-0.098708126210196,0.1569007687376087,0
2026-03-31,optimised_rf_top_k,9,CSCO,0.1,0.5680149591067115,0.1856658589490689,0.1569007687376087,1
2026-03-31,optimised_rf_top_k,10,TSLA,0.1,0.5518975560301699,0.0265770138071621,0.1569007687376087,0
2026-04-30,baseline_rf_top_k,1,AVGO,0.1,0.6089107434879026,0.0702872400219907,0.1056848850894773,0
2026-04-30,baseline_rf_top_k,2,GOOG,0.1,0.589220349652536,-0.0144263433249531,0.1056848850894773,0
2026-04-30,baseline_rf_top_k,3,GOOGL,0.1,0.5870959750477314,-0.0115904338806527,0.1056848850894773,0
2026-04-30,baseline_rf_top_k,4,TXN,0.1,0.5818190819298336,0.0930453268254547,0.1056848850894773,0
2026-04-30,baseline_rf_top_k,5,INTU,0.1,0.5786694234537113,-0.1466409188727515,0.1056848850894773,0
2026-04-30,baseline_rf_top_k,6,AMZN,0.1,0.5759539707699625,0.0210519019891346,0.1056848850894773,0
2026-04-30,baseline_rf_top_k,7,ADBE,0.1,0.5712556802245344,0.0532709671939144,0.1056848850894773,0
2026-04-30,baseline_rf_top_k,8,PEP,0.1,0.5509223958555629,-0.0902264673073079,0.1056848850894773,0
2026-04-30,baseline_rf_top_k,9,CSCO,0.1,0.5451316332605075,0.3160655117551401,0.1056848850894773,1
2026-04-30,baseline_rf_top_k,10,AMGN,0.1,0.540874286050281,-0.0199761404166848,0.1056848850894773,0
2026-04-30,optimised_rf_top_k,1,AVGO,0.1,0.638220701763482,0.0702872400219907,0.1056848850894773,0
2026-04-30,optimised_rf_top_k,2,INTU,0.1,0.6017314185183086,-0.1466409188727515,0.1056848850894773,0
2026-04-30,optimised_rf_top_k,3,AMZN,0.1,0.5965364748438899,0.0210519019891346,0.1056848850894773,0
2026-04-30,optimised_rf_top_k,4,GOOGL,0.1,0.5808545787286085,-0.0115904338806527,0.1056848850894773,0
2026-04-30,optimised_rf_top_k,5,TXN,0.1,0.5795132409079343,0.0930453268254547,0.1056848850894773,0
2026-04-30,optimised_rf_top_k,6,GOOG,0.1,0.5785517921622405,-0.0144263433249531,0.1056848850894773,0
2026-04-30,optimised_rf_top_k,7,ADBE,0.1,0.5721580242307657,0.0532709671939144,0.1056848850894773,0
2026-04-30,optimised_rf_top_k,8,AMGN,0.1,0.5679199082824354,-0.0199761404166848,0.1056848850894773,0
2026-04-30,optimised_rf_top_k,9,CSCO,0.1,0.5488941759004785,0.3160655117551401,0.1056848850894773,1
2026-04-30,optimised_rf_top_k,10,AMD,0.1,0.5348532681108398,0.4558943547170746,0.1056848850894773,1
2026-05-31,baseline_rf_top_k,1,INTU,0.1,0.678055577482314,-0.2127409641478356,-0.001490831230688,0
2026-05-31,baseline_rf_top_k,2,CSCO,0.1,0.6330732491014296,-0.0245806259437284,-0.001490831230688,0
2026-05-31,baseline_rf_top_k,3,TXN,0.1,0.6211151034312156,-0.0248952680381473,-0.001490831230688,0
2026-05-31,baseline_rf_top_k,4,ADBE,0.1,0.5996758742941463,-0.2090582499479326,-0.001490831230688,0
2026-05-31,baseline_rf_top_k,5,AVGO,0.1,0.5656310716731653,-0.1531484762625794,-0.001490831230688,0
2026-05-31,baseline_rf_top_k,6,GOOG,0.1,0.5550710469843474,-0.0608011120557968,-0.001490831230688,0
2026-05-31,baseline_rf_top_k,7,GOOGL,0.1,0.5492206230955736,-0.0598320859768355,-0.001490831230688,0
2026-05-31,baseline_rf_top_k,8,QCOM,0.1,0.5371333137173534,-0.2611245912981512,-0.001490831230688,0
2026-05-31,baseline_rf_top_k,9,AMD,0.1,0.5153653570131057,0.1255764398845664,-0.001490831230688,1
2026-05-31,baseline_rf_top_k,10,COST,0.1,0.5113379691649337,-0.0218023637081818,-0.001490831230688,0
2026-05-31,optimised_rf_top_k,1,INTU,0.1,0.6750063656849254,-0.2127409641478356,-0.001490831230688,0
2026-05-31,optimised_rf_top_k,2,CSCO,0.1,0.6157472677686057,-0.0245806259437284,-0.001490831230688,0
2026-05-31,optimised_rf_top_k,3,TXN,0.1,0.6110124012928746,-0.0248952680381473,-0.001490831230688,0
2026-05-31,optimised_rf_top_k,4,ADBE,0.1,0.5741830020158875,-0.2090582499479326,-0.001490831230688,0
2026-05-31,optimised_rf_top_k,5,GOOG,0.1,0.5574048725245961,-0.0608011120557968,-0.001490831230688,0
2026-05-31,optimised_rf_top_k,6,QCOM,0.1,0.5474603921566703,-0.2611245912981512,-0.001490831230688,0
2026-05-31,optimised_rf_top_k,7,AMD,0.1,0.5339803935954717,0.1255764398845664,-0.001490831230688,1
2026-05-31,optimised_rf_top_k,8,AVGO,0.1,0.53078945030305,-0.1531484762625794,-0.001490831230688,0
2026-05-31,optimised_rf_top_k,9,GOOGL,0.1,0.5260223053522843,-0.0598320859768355,-0.001490831230688,0
2026-05-31,optimised_rf_top_k,10,AAPL,0.1,0.5157801035074789,-0.0727424610159107,-0.001490831230688,0
2026-06-30,baseline_rf_top_k,1,INTU,0.1,0.7355392282189294,0.1307339164013421,-0.0547800455161126,1
2026-06-30,baseline_rf_top_k,2,NFLX,0.1,0.6859454375031903,-0.0532213301197269,-0.0547800455161126,1
2026-06-30,baseline_rf_top_k,3,ADBE,0.1,0.6783793782003699,0.1449614701071162,-0.0547800455161126,1
2026-06-30,baseline_rf_top_k,4,MSFT,0.1,0.6011016946609834,0.0784676971565112,-0.0547800455161126,1
2026-06-30,baseline_rf_top_k,5,CSCO,0.1,0.5641048399066094,-0.0540258699492648,-0.0547800455161126,1
2026-06-30,baseline_rf_top_k,6,AMAT,0.1,0.5499925998222145,-0.2728907161728475,-0.0547800455161126,0
2026-06-30,baseline_rf_top_k,7,QCOM,0.1,0.5463954750919338,-0.0783050299672256,-0.0547800455161126,0
2026-06-30,baseline_rf_top_k,8,GOOG,0.1,0.5171874159947778,-0.0055471981704481,-0.0547800455161126,1
2026-06-30,baseline_rf_top_k,9,GOOGL,0.1,0.5157531160615869,-0.0150544392543316,-0.0547800455161126,1
2026-06-30,baseline_rf_top_k,10,TXN,0.1,0.5041385546870817,-0.0469688316703794,-0.0547800455161126,1
2026-06-30,optimised_rf_top_k,1,INTU,0.1,0.710136505082925,0.1307339164013421,-0.0547800455161126,1
2026-06-30,optimised_rf_top_k,2,ADBE,0.1,0.6877507267285934,0.1449614701071162,-0.0547800455161126,1
2026-06-30,optimised_rf_top_k,3,NFLX,0.1,0.6780421568500925,-0.0532213301197269,-0.0547800455161126,1
2026-06-30,optimised_rf_top_k,4,MSFT,0.1,0.5802337950653953,0.0784676971565112,-0.0547800455161126,1
2026-06-30,optimised_rf_top_k,5,CSCO,0.1,0.573056166378011,-0.0540258699492648,-0.0547800455161126,1
2026-06-30,optimised_rf_top_k,6,QCOM,0.1,0.5424387790740723,-0.0783050299672256,-0.0547800455161126,0
2026-06-30,optimised_rf_top_k,7,AMAT,0.1,0.5208731911569032,-0.2728907161728475,-0.0547800455161126,0
2026-06-30,optimised_rf_top_k,8,META,0.1,0.5015224685778463,0.1465674888229344,-0.0547800455161126,1
2026-06-30,optimised_rf_top_k,9,AMZN,0.1,0.4994661892619333,0.0488797907790408,-0.0547800455161126,1
2026-06-30,optimised_rf_top_k,10,TXN,0.1,0.4935039990356085,-0.0469688316703794,-0.0547800455161126,1
