date,ticker,future_stock_return,future_qqq_return,outperform_qqq_next_1m,baseline_predicted_probability,baseline_predicted_label,optimised_predicted_probability,optimised_predicted_label
2024-07-31,AAPL,0.032353605269078,0.0110387541930649,1,0.5857657788076809,1,0.6212440338229653,1
2024-07-31,ADBE,0.0412579492852254,0.0110387541930649,1,0.5169202210219225,1,0.5312986084491822,1
2024-07-31,AMAT,-0.0686237039668253,0.0110387541930649,0,0.5497186527478629,1,0.5293092509850751,1
2024-07-31,AMD,0.0282392161662903,0.0110387541930649,1,0.4231061276368437,0,0.4015645738774416,0
2024-07-31,AMGN,0.0110819375300605,0.0110387541930649,1,0.49216478078760056,0,0.49759642535665466,0
2024-07-31,AMZN,-0.045352422298136,0.0110387541930649,0,0.5448500990993875,1,0.5336209103876217,1
2024-07-31,AVGO,0.0133185783428655,0.0110387541930649,1,0.4673982597585291,0,0.4500141659576416,0
2024-07-31,COST,0.085620331358543,0.0110387541930649,1,0.5527249096528654,1,0.5343974848434403,1
2024-07-31,CSCO,0.0431371435148633,0.0110387541930649,1,0.5084602374336782,1,0.5143386747446034,1
2024-07-31,GOOG,-0.0464335721714519,0.0110387541930649,0,0.5281476668164622,1,0.5245076152662499,1
2024-07-31,GOOGL,-0.0475689188191061,0.0110387541930649,0,0.5340048606028883,1,0.5197381827243237,1
2024-07-31,INTU,-0.0264000316281816,0.0110387541930649,0,0.46717778758235007,0,0.43593774865594187,0
2024-07-31,META,0.0978876100904015,0.0110387541930649,1,0.5408691192199041,1,0.551755391359104,1
2024-07-31,MSFT,-0.0010950338042321,0.0110387541930649,0,0.48280859423257133,0,0.4123839229123382,0
2024-07-31,NFLX,0.1161773399876078,0.0110387541930649,1,0.491659521032272,0,0.430872913291361,0
2024-07-31,NVDA,0.0200822122400174,0.0110387541930649,1,0.45810399306828525,0,0.44043905463982613,0
2024-07-31,PEP,0.0012160859646712,0.0110387541930649,0,0.5028277373321168,1,0.4825338141994559,0
2024-07-31,QCOM,-0.0312242667899543,0.0110387541930649,0,0.5782134095881837,1,0.5743394267382239,1
2024-07-31,TSLA,-0.0773904690267696,0.0110387541930649,0,0.5538900807440696,1,0.5685625108185424,1
2024-07-31,TXN,0.0516657354901359,0.0110387541930649,1,0.48519016680690175,0,0.4606295570658719,0
2024-08-31,AAPL,0.0174671457188737,0.0262160295313964,0,0.5990241578459968,1,0.6147425334774524,1
2024-08-31,ADBE,-0.0985880233548925,0.0262160295313964,0,0.521959379808977,1,0.5076205402030809,1
2024-08-31,AMAT,0.0242825726644042,0.0262160295313964,0,0.49321777148768947,0,0.4986334043643253,0
2024-08-31,AMD,0.1044696050586542,0.0262160295313964,1,0.5215945340008036,1,0.49388906870625426,0
2024-08-31,AMGN,-0.0348080606616325,0.0262160295313964,0,0.5533615369200092,1,0.5546174952433612,1
2024-08-31,AMZN,0.0438655564764969,0.0262160295313964,1,0.4656075956107593,0,0.38254100681326014,0
2024-08-31,AVGO,0.0629367290972977,0.0262160295313964,1,0.5462509874052219,1,0.5737301516646002,1
2024-08-31,COST,-0.0065667126070291,0.0262160295313964,0,0.6079527021870725,1,0.6270421424038561,1
2024-08-31,CSCO,0.0530273719178453,0.0262160295313964,1,0.523093531565682,1,0.49659185785903665,0
2024-08-31,GOOG,0.0139305272805616,0.0262160295313964,0,0.5273145078573582,1,0.4951327337843023,0
2024-08-31,GOOGL,0.0164651610338451,0.0262160295313964,0,0.507825327915172,1,0.4963988236792078,0
2024-08-31,INTU,-0.0146923374199152,0.0262160295313964,0,0.5214187020134724,1,0.5225316519442768,1
2024-08-31,META,0.0991273179879281,0.0262160295313964,1,0.5451150538601107,1,0.5402480950017112,1
2024-08-31,MSFT,0.0315480912959345,0.0262160295313964,1,0.4754236297899395,0,0.42161353012235214,0
2024-08-31,NFLX,0.0112925043526219,0.0262160295313964,0,0.520704495641646,1,0.5159378755169136,1
2024-08-31,NVDA,0.0174280680549436,0.0262160295313964,0,0.44351621680918224,0,0.43131602590433016,0
2024-08-31,PEP,-0.0088794262922503,0.0262160295313964,0,0.4811247022240793,0,0.43142477304775667,0
2024-08-31,QCOM,-0.0249354027347803,0.0262160295313964,0,0.561607644758635,1,0.5514799568405121,1
2024-08-31,TSLA,0.2219420117556314,0.0262160295313964,1,0.508354219831011,1,0.5171195499657407,1
2024-08-31,TXN,-0.036250617293745,0.0262160295313964,0,0.5143300035318207,1,0.46127213857518823,0
2024-09-30,AAPL,-0.0304291846966061,-0.0086463559104306,0,0.5559416709120301,1,0.5491889429417555,1
2024-09-30,ADBE,-0.0766735688483785,-0.0086463559104306,0,0.4920420672069516,0,0.47875748809930163,0
2024-09-30,AMAT,-0.1013114774453455,-0.0086463559104306,0,0.48702100694021966,0,0.5017106558801371,1
2024-09-30,AMD,-0.121952671157569,-0.0086463559104306,0,0.4559288525517159,0,0.4389031676670129,0
2024-09-30,AMGN,-0.0063621979331132,-0.0086463559104306,1,0.5671784020883401,1,0.5577459324515646,1
2024-09-30,AMZN,0.0003756349741959,-0.0086463559104306,1,0.458668945499049,0,0.4495921940252073,0
2024-09-30,AVGO,-0.015826247047905,-0.0086463559104306,0,0.4634650228588024,0,0.43458005175130116,0
2024-09-30,COST,-0.0139195630400947,-0.0086463559104306,0,0.5474448758784081,1,0.5125076410390033,1
2024-09-30,CSCO,0.036989338483875,-0.0086463559104306,1,0.5119974231887333,1,0.5241512601933018,1
2024-09-30,GOOG,0.0328967713356791,-0.0086463559104306,1,0.5762245717739904,1,0.5738345507739718,1
2024-09-30,GOOGL,0.0317151610345349,-0.0086463559104306,1,0.6033341430086984,1,0.613366486805075,1
2024-09-30,INTU,-0.0155832292427423,-0.0086463559104306,0,0.5056428201179454,1,0.5201112868865031,1
2024-09-30,META,-0.0084898937878576,-0.0086463559104306,1,0.5898194835496271,1,0.594690654595847,1
2024-09-30,MSFT,-0.0556588813617846,-0.0086463559104306,0,0.48017434738442943,0,0.43761136134590156,0
2024-09-30,NFLX,0.0659268648650508,-0.0086463559104306,1,0.5492763582628319,1,0.5026095031907415,1
2024-09-30,NVDA,0.093214607697996,-0.0086463559104306,1,0.477577875051981,0,0.46232280665515363,0
2024-09-30,PEP,-0.0233462090440089,-0.0086463559104306,0,0.5039466325256192,1,0.4924179520569876,0
2024-09-30,QCOM,-0.0428109621341493,-0.0086463559104306,0,0.49645238552256954,0,0.44319394247527183,0
2024-09-30,TSLA,-0.0450254120683647,-0.0086463559104306,0,0.4640476359161801,0,0.4903160742921178,0
2024-09-30,TXN,-0.0100329261207495,-0.0086463559104306,0,0.5508709752201113,1,0.5616891817761498,1
2024-10-31,AAPL,0.0517069693875071,0.0535082171626466,0,0.5424979003368827,1,0.5370911161254976,1
2024-10-31,ADBE,0.0791708650573146,0.0535082171626466,1,0.5293992766997253,1,0.5167938283436032,1
2024-10-31,AMAT,-0.0355718516640958,0.0535082171626466,0,0.42189742402686264,0,0.38924439957962725,0
2024-10-31,AMD,-0.0478240737014196,0.0535082171626466,0,0.503715639751678,1,0.4862963652213544,0
2024-10-31,AMGN,-0.1094076991024316,0.0535082171626466,0,0.4998572892916243,0,0.4950278292784704,0
2024-10-31,AMZN,0.1152897328156477,0.0535082171626466,1,0.5060493619190045,1,0.5620212298610808,1
2024-10-31,AVGO,-0.0452964254728345,0.0535082171626466,0,0.46041630729709043,0,0.45644043292712516,0
2024-10-31,COST,0.1132390045546267,0.0535082171626466,1,0.5463086669330368,1,0.5512464733492474,1
2024-10-31,CSCO,0.0810663387539496,0.0535082171626466,1,0.5426884627527648,1,0.5227398599186074,1
2024-10-31,GOOG,-0.012739669642318,0.0535082171626466,0,0.4888058215384273,0,0.3976830020281764,0
2024-10-31,GOOGL,-0.0126233697468999,0.0535082171626466,0,0.47865780938611047,0,0.42769188946586384,0
2024-10-31,INTU,0.0514992353002206,0.0535082171626466,0,0.49181972932412,0,0.4826243610881885,0
2024-10-31,META,0.0118749280096819,0.0535082171626466,0,0.5299808986744673,1,0.4860878898375626,0
2024-10-31,MSFT,0.0441925051795559,0.0535082171626466,0,0.516480844922413,1,0.5253716027292371,1
2024-10-31,NFLX,0.1729825996151546,0.0535082171626466,1,0.5273235827621883,1,0.5009541942660855,1
2024-10-31,NVDA,0.0413528974667274,0.0535082171626466,0,0.49360120366551163,0,0.49135933082267724,0
2024-10-31,PEP,-0.0158357170842929,0.0535082171626466,0,0.44262285109069005,0,0.36958938770446453,0
2024-10-31,QCOM,-0.0260489378629769,0.0535082171626466,0,0.49669450908603324,0,0.4405071948780207,0
2024-10-31,TSLA,0.3814688622385136,0.0535082171626466,1,0.4671528869541253,0,0.47226102289877864,0
2024-10-31,TXN,-0.0104842508736225,0.0535082171626466,0,0.5176100996310085,1,0.49720793472581853,0
2024-11-30,AAPL,0.0551551975335746,0.0045404969264244,1,0.5186165462969647,1,0.51141354205934,1
2024-11-30,ADBE,-0.1381001318230681,0.0045404969264244,0,0.5702293212371252,1,0.5625527135356111,1
2024-11-30,AMAT,-0.069143213498102,0.0045404969264244,0,0.4851306208691508,0,0.46381810222041014,0
2024-11-30,AMD,-0.1194780043398231,0.0045404969264244,0,0.5165090271790278,1,0.4779331766246708,0
2024-11-30,AMGN,-0.0785870401414239,0.0045404969264244,0,0.4377224864259107,0,0.4246696785551437,0
2024-11-30,AMZN,0.0553177162622697,0.0045404969264244,1,0.5276672104913207,1,0.45121482136560037,0
2024-11-30,AVGO,0.4342371835268781,0.0045404969264244,1,0.5279280086425959,1,0.5392798545181569,1
2024-11-30,COST,-0.0572188433973216,0.0045404969264244,0,0.5297113761500633,1,0.5051579597377805,1
2024-11-30,CSCO,-0.0001689028922357,0.0045404969264244,0,0.5278224177739038,1,0.49329355788872464,0
2024-11-30,GOOG,0.1182830573454472,0.0045404969264244,1,0.5145542408523591,1,0.5322642879182956,1
2024-11-30,GOOGL,0.1217340405274778,0.0045404969264244,1,0.4987073057400181,0,0.5095981772832916,1
2024-11-30,INTU,-0.0206161098739873,0.0045404969264244,0,0.5152669712738845,1,0.49274781757942854,0
2024-11-30,META,0.0203063736401394,0.0045404969264244,1,0.6123674250922603,1,0.6056161073164581,1
2024-11-30,MSFT,-0.0046285135158982,0.0045404969264244,0,0.49686138099053995,0,0.4742992725382242,0
2024-11-30,NFLX,0.0050856894888637,0.0045404969264244,1,0.5602251707189307,1,0.5400246885260012,1
2024-11-30,NVDA,-0.0285769178431161,0.0045404969264244,0,0.6618117875203892,1,0.674900482956742,1
2024-11-30,PEP,-0.0617636224787745,0.0045404969264244,0,0.5042571929725553,1,0.4750020506954682,0
2024-11-30,QCOM,-0.0259032746563492,0.0045404969264244,0,0.5189614472725314,1,0.5104636203674979,1
2024-11-30,TSLA,0.1700080891563131,0.0045404969264244,1,0.513396257127672,1,0.5376171758591002,1
2024-11-30,TXN,-0.0672536799653069,0.0045404969264244,0,0.483810280913505,0,0.43335281195566505,0
2024-12-31,AAPL,-0.0575832864423716,0.0216339201740081,0,0.5526375881976325,1,0.5444759028239988,1
2024-12-31,ADBE,-0.0162588391378818,0.0216339201740081,0,0.5967406197967379,1,0.5818188543313337,1
2024-12-31,AMAT,0.108959053536314,0.0216339201740081,1,0.5412380527297365,1,0.47754522462324106,0
2024-12-31,AMD,-0.0400695747214202,0.0216339201740081,0,0.6287852148389028,1,0.5962915699092795,1
2024-12-31,AMGN,0.0950734275898357,0.0216339201740081,1,0.49281250171413243,0,0.4789591398920555,0
2024-12-31,AMZN,0.083367488659539,0.0216339201740081,1,0.530953293581955,1,0.4883434492522811,0
2024-12-31,AVGO,-0.0455917646978838,0.0216339201740081,0,0.5444337784998157,1,0.5297011678861143,1
2024-12-31,COST,0.0694227926245696,0.0216339201740081,1,0.5247827654497805,1,0.5019367989294679,1
2024-12-31,CSCO,0.0306240014335366,0.0216339201740081,1,0.5818244815143714,1,0.5694399148388777,1
2024-12-31,GOOG,0.0796050886702883,0.0216339201740081,1,0.48043757432835077,0,0.487553099286879,0
2024-12-31,GOOGL,0.0777601399116461,0.0216339201740081,1,0.4863814347538856,0,0.49887848906921695,0
2024-12-31,INTU,-0.0413510438949052,0.0216339201740081,0,0.5295527000217887,1,0.541971350851124,1
2024-12-31,META,0.1770591800762093,0.0216339201740081,1,0.5701590376374401,1,0.5880786995115789,1
2024-12-31,MSFT,-0.015278774333898,0.0216339201740081,0,0.5034570793004949,1,0.4882635136599842,0
2024-12-31,NFLX,0.0958578103881719,0.0216339201740081,1,0.5107897466988869,1,0.45526477526452547,0
2024-12-31,NVDA,-0.1058901733604136,0.0216339201740081,0,0.567593062848828,1,0.4980735319543261,0
2024-12-31,PEP,-0.0090094029665265,0.0216339201740081,0,0.53191692011145,1,0.5217058700246786,1
2024-12-31,QCOM,0.1257000005641959,0.0216339201740081,1,0.5345530956734286,1,0.5406159480058165,1
2024-12-31,TSLA,0.0018819576379678,0.0216339201740081,0,0.48797233774326365,0,0.48298984644530774,0
2024-12-31,TXN,-0.0081852837773849,0.0216339201740081,0,0.46752497163002005,0,0.4178179095253908,0
2025-01-31,AAPL,0.025872532730673,-0.0270347304314839,1,0.4586687397684042,0,0.39475347294054247,0
2025-01-31,ADBE,0.0025373992926924,-0.0270347304314839,1,0.5813112612559997,1,0.6003044202016511,1
2025-01-31,AMAT,-0.1215186459774313,-0.0270347304314839,0,0.4178300436031362,0,0.37331380892758226,0
2025-01-31,AMD,-0.1387666818574638,-0.0270347304314839,0,0.5728259812548907,1,0.5331281286741846,1
2025-01-31,AMGN,0.088041664608548,-0.0270347304314839,1,0.5204687458705822,1,0.4905197097530927,0
2025-01-31,AMZN,-0.1068663525715117,-0.0270347304314839,0,0.5915933272405676,1,0.5797729172595979,1
2025-01-31,AVGO,-0.0987030662758818,-0.0270347304314839,0,0.4502068285485408,0,0.4733779293908086,0
2025-01-31,COST,0.0713234700383356,-0.0270347304314839,1,0.4903962290393782,0,0.4837435660991819,0
2025-01-31,CSCO,0.057920856698409,-0.0270347304314839,1,0.5898720216085723,1,0.6330761423769454,1
2025-01-31,GOOG,-0.1623541881738535,-0.0270347304314839,0,0.5675429255134328,1,0.5650095822117391,1
2025-01-31,GOOGL,-0.1653760794155103,-0.0270347304314839,0,0.5689694305566887,1,0.5939751064757353,1
2025-01-31,INTU,0.0204985488677544,-0.0270347304314839,1,0.4603468735045171,0,0.43872580956732093,0
2025-01-31,META,-0.0304420047440421,-0.0270347304314839,0,0.5787386694465393,1,0.5601525562027224,1
2025-01-31,MSFT,-0.0416180538185706,-0.0270347304314839,0,0.5101585003493848,1,0.5272530759832441,1
2025-01-31,NFLX,0.0038903849838498,-0.0270347304314839,1,0.5578142131693447,1,0.5586965462766108,1
2025-01-31,NVDA,0.0403930930624214,-0.0270347304314839,1,0.45875967111895743,0,0.4338614201115122,0
2025-01-31,PEP,0.0184483478148462,-0.0270347304314839,1,0.5199564100558483,1,0.5593223313535093,1
2025-01-31,QCOM,-0.091135242014198,-0.0270347304314839,0,0.43488354817837555,0,0.4030536007747031,0
2025-01-31,TSLA,-0.2758773935575025,-0.0270347304314839,0,0.42441552092331203,0,0.42570526882379245,0
2025-01-31,TXN,0.0616434593694261,-0.0270347304314839,1,0.5254701233196755,1,0.5297475393006726,1
2025-02-28,AAPL,-0.0815002077582137,-0.075861917921729,0,0.4930570062580061,0,0.4501534540975613,0
2025-02-28,ADBE,-0.1254788377545642,-0.075861917921729,0,0.51405014479385,1,0.5298794987131885,1
2025-02-28,AMAT,-0.0819259268794203,-0.075861917921729,0,0.5857715756639954,1,0.5688763667514177,1
2025-02-28,AMD,0.0288403488465371,-0.075861917921729,1,0.7111352781853244,1,0.6733650092296364,1
2025-02-28,AMGN,0.0113287924416656,-0.075861917921729,1,0.5476632957937031,1,0.5627702249758183,1
2025-02-28,AMZN,-0.1037309421475672,-0.075861917921729,0,0.5958905101855926,1,0.5678789306636086,1
2025-02-28,AVGO,-0.157916796394152,-0.075861917921729,0,0.5244481718430636,1,0.5337517422825261,1
2025-02-28,COST,-0.0980630433997747,-0.075861917921729,0,0.5152314703546138,1,0.502843693872577,1
2025-02-28,CSCO,-0.0374356837994677,-0.075861917921729,1,0.5452065073089776,1,0.47080138096743684,0
2025-02-28,GOOG,-0.0918128407056253,-0.075861917921729,0,0.6036641254685828,1,0.5534954971272071,1
2025-02-28,GOOGL,-0.0908027332924799,-0.075861917921729,0,0.6027182480097721,1,0.5709625511469649,1
2025-02-28,INTU,0.0002443853154583,-0.075861917921729,1,0.4941103072967286,0,0.4817343242698768,0
2025-02-28,META,-0.1366765125057577,-0.075861917921729,0,0.5719557441540177,1,0.5282173854101041,1
2025-02-28,MSFT,-0.05440932488195,-0.075861917921729,1,0.5402648031915641,1,0.5600959845845592,1
2025-02-28,NFLX,-0.0489822286832742,-0.075861917921729,1,0.5576547106661862,1,0.5567619079134009,1
2025-02-28,NVDA,-0.1323249309931263,-0.075861917921729,0,0.42244783881138404,0,0.4107094389443432,0
2025-02-28,PEP,-0.0143631255186652,-0.075861917921729,1,0.5447516721437513,1,0.5161265356679349,1
2025-02-28,QCOM,-0.0173805787062544,-0.075861917921729,1,0.5255315276967466,1,0.5332348088124936,1
2025-02-28,TSLA,-0.1154345213189201,-0.075861917921729,0,0.541341269205351,1,0.5521609927605153,1
2025-02-28,TXN,-0.0831165019436929,-0.075861917921729,0,0.521278507380937,1,0.49176187899759505,0
2025-03-31,AAPL,-0.0433529542199339,0.01396820088766,0,0.578325190189659,1,0.5473366006079323,1
2025-03-31,ADBE,-0.0222928788365492,0.01396820088766,0,0.644272617844924,1,0.6441529108568108,1
2025-03-31,AMAT,0.0385198279174987,0.01396820088766,1,0.5457497155187307,1,0.5468060490793017,1
2025-03-31,AMD,-0.0524625219166874,0.01396820088766,0,0.5824039343848716,1,0.5637828677598951,1
2025-03-31,AMGN,-0.06621725021012,0.01396820088766,0,0.48591320182550174,0,0.4420901921712475,0
2025-03-31,AMZN,-0.0306948202801552,0.01396820088766,0,0.6257150068188387,1,0.6156505221538179,1
2025-03-31,AVGO,0.1495549814990862,0.01396820088766,1,0.5420948776512371,1,0.5698931273579876,1
2025-03-31,COST,0.0515130090773394,0.01396820088766,1,0.5600353012730848,1,0.5543735113176051,1
2025-03-31,CSCO,-0.0582494052851219,0.01396820088766,0,0.5261869668068572,1,0.4658343819243249,0
2025-03-31,GOOG,0.0298277638405073,0.01396820088766,1,0.6050107875939231,1,0.5413125490229752,1
2025-03-31,GOOGL,0.0269012401918948,0.01396820088766,1,0.6005925367568591,1,0.5431565379878909,1
2025-03-31,INTU,0.0237395148215797,0.01396820088766,1,0.5377389179516865,1,0.5347710919930296,1
2025-03-31,META,-0.0474701956279407,0.01396820088766,0,0.6089883854349418,1,0.6252279411706234,1
2025-03-31,MSFT,0.0529314476776183,0.01396820088766,1,0.5819110427152379,1,0.5546692076593102,1
2025-03-31,NFLX,0.2136016972136711,0.01396820088766,1,0.5400560305338159,1,0.4880676185685907,0
2025-03-31,NVDA,0.004982410811787,0.01396820088766,0,0.5597553125262323,1,0.552504798295514,1
2025-03-31,PEP,-0.0957715916579042,0.01396820088766,0,0.5453781261010643,1,0.5065355260003681,1
2025-03-31,QCOM,-0.03352658226324,0.01396820088766,0,0.5201686241360886,1,0.5518908307849014,1
2025-03-31,TSLA,0.0887482623668549,0.01396820088766,1,0.5165869564068231,1,0.5405882453915183,1
2025-03-31,TXN,-0.101750355941628,0.01396820088766,0,0.4974292514862809,0,0.44527470667883035,0
2025-04-30,AAPL,-0.053584070052247,0.0917828863360947,0,0.5766619287362393,1,0.5413141345865614,1
2025-04-30,ADBE,0.1069656626390811,0.0917828863360947,1,0.5648425881654834,1,0.5673833333212105,1
2025-04-30,AMAT,0.0430345044558253,0.0917828863360947,0,0.4927130740490664,0,0.48925873414848503,0
2025-04-30,AMD,0.1374422711097356,0.0917828863360947,1,0.612144554942719,1,0.6097889149597833,1
2025-04-30,AMGN,-0.0006642961736257,0.0917828863360947,0,0.4842008120188263,0,0.4197392712640528,0
2025-04-30,AMZN,0.1116473080052216,0.0917828863360947,1,0.611158036943457,1,0.5858779572241078,1
2025-04-30,AVGO,0.2577025845783409,0.0917828863360947,1,0.553360543893166,1,0.5305283799430234,1
2025-04-30,COST,0.0472955172471543,0.0917828863360947,0,0.5044129845133135,1,0.4573847218146126,0
2025-04-30,CSCO,0.0919798091198764,0.0917828863360947,1,0.48463573354028255,0,0.46424873830555263,0
2025-04-30,GOOG,0.0743364719505135,0.0917828863360947,0,0.5584586477165955,1,0.5684114110135,1
2025-04-30,GOOGL,0.0814862453936164,0.0917828863360947,0,0.5660010557192757,1,0.5725136875318786,1
2025-04-30,INTU,0.200806479494108,0.0917828863360947,1,0.49552481679688404,0,0.4685783616543796,0
2025-04-30,META,0.1793988952886178,0.0917828863360947,1,0.6344502600976619,1,0.6059099551718398,1
2025-04-30,MSFT,0.1668398736006513,0.0917828863360947,1,0.3987321856952737,0,0.366187499245503,0
2025-04-30,NFLX,0.0667214743745314,0.0917828863360947,0,0.4997583862882973,0,0.44067947887719183,0
2025-04-30,NVDA,0.2406353870147419,0.0917828863360947,1,0.49280332042972513,0,0.5225165101630267,1
2025-04-30,PEP,-0.0304617426747452,0.0917828863360947,0,0.49874766926491665,0,0.5188271245740256,1
2025-04-30,QCOM,-0.0219586851077657,0.0917828863360947,0,0.5545937581745236,1,0.5070369640376506,1
2025-04-30,TSLA,0.2278848417863253,0.0917828863360947,1,0.5486299313563912,1,0.5066176289542357,1
2025-04-30,TXN,0.1424554208417205,0.0917828863360947,1,0.49355520598077607,0,0.46006132992774146,0
2025-05-31,AAPL,0.0215085289391445,0.0638584828848247,0,0.5137971184593741,1,0.4766343045005562,0
2025-05-31,ADBE,-0.0679611450624184,0.0638584828848247,0,0.47168281993865974,0,0.43553192904834714,0
2025-05-31,AMAT,0.1679106738819673,0.0638584828848247,1,0.4509378869212999,0,0.46413645889433136,0
2025-05-31,AMD,0.28149543569574,0.0638584828848247,1,0.5220103321049727,1,0.5111806618500871,1
2025-05-31,AMGN,-0.0311262854478173,0.0638584828848247,0,0.5223159651577435,1,0.5265232791709021,1
2025-05-31,AMZN,0.0701429455544566,0.0638584828848247,1,0.340884634561286,0,0.2715623236838298,0
2025-05-31,AVGO,0.1414003058186692,0.0638584828848247,1,0.5186771564835634,1,0.5285995137035017,1
2025-05-31,COST,-0.0482994721044787,0.0638584828848247,0,0.5110719535093907,1,0.4758282435367196,0
2025-05-31,CSCO,0.1005711983458699,0.0638584828848247,1,0.4816391084358757,0,0.4584029689867891,0
2025-05-31,GOOG,0.0274992731836682,0.0638584828848247,0,0.41121739410007346,0,0.3528317252569172,0
2025-05-31,GOOGL,0.0273863412731589,0.0638584828848247,0,0.41150602788717805,0,0.3584407172612435,0
2025-05-31,INTU,0.0453369160230405,0.0638584828848247,0,0.48628006713962646,0,0.47535671552421993,0
2025-05-31,META,0.140802054498849,0.0638584828848247,1,0.45384060431512635,0,0.41046902889777337,0
2025-05-31,MSFT,0.0804805734668925,0.0638584828848247,1,0.5128782974878957,1,0.512075050666556,1
2025-05-31,NFLX,0.1092583423100148,0.0638584828848247,1,0.5355795264652583,1,0.5468303935949885,1
2025-05-31,NVDA,0.1692516955417806,0.0638584828848247,1,0.3672899420905172,0,0.2987686867154428,0
2025-05-31,PEP,0.0155101802790666,0.0638584828848247,0,0.5049747455124917,1,0.5362441443229105,1
2025-05-31,QCOM,0.1034205891671358,0.0638584828848247,1,0.4942612154817381,0,0.4588885659150788,0
2025-05-31,TSLA,-0.0831264460638392,0.0638584828848247,0,0.5140059922487067,1,0.4657131306788488,0
2025-05-31,TXN,0.1354663116087717,0.0638584828848247,1,0.3866976373658338,0,0.3827856659220153,0
2025-06-30,AAPL,0.0116977010484968,0.0242369186733282,0,0.5016503249472535,1,0.5096825409245742,1
2025-06-30,ADBE,-0.0754497572192908,0.0242369186733282,0,0.4657648361252599,0,0.4610081803671221,0
2025-06-30,AMAT,-0.0164418137437969,0.0242369186733282,0,0.5369651686145044,1,0.5118840395886216,1
2025-06-30,AMD,0.2424947508257919,0.0242369186733282,1,0.5384878618021122,1,0.5341772304439948,1
2025-06-30,AMGN,0.0569106167026227,0.0242369186733282,1,0.5209790609936937,1,0.4986725128830604,0
2025-06-30,AMZN,0.067095133149436,0.0242369186733282,1,0.3749163367480068,0,0.27622201146280273,0
2025-06-30,AVGO,0.0654816803055005,0.0242369186733282,1,0.6065863094017614,1,0.6233529897523921,1
2025-06-30,COST,-0.050811156751137,0.0242369186733282,0,0.48147983762173235,0,0.4612111458697726,0
2025-06-30,CSCO,-0.0128365499704157,0.0242369186733282,0,0.49067957234655685,0,0.480504766592864,0
2025-06-30,GOOG,0.087208877525819,0.0242369186733282,1,0.5303186854699851,1,0.5235937773421167,1
2025-06-30,GOOGL,0.088917909913164,0.0242369186733282,1,0.49898156745346217,0,0.5028325827027574,1
2025-06-30,INTU,-0.0018251833716849,0.0242369186733282,0,0.5508422616007759,1,0.5625862650274112,1
2025-06-30,META,0.047893857332087,0.0242369186733282,1,0.5131271006134257,1,0.4867330778668537,0
2025-06-30,MSFT,0.0725558461078348,0.0242369186733282,1,0.5474557400045685,1,0.6184238213305806,1
2025-06-30,NFLX,-0.1342139500795455,0.0242369186733282,0,0.6514625944511538,1,0.6886334038969025,1
2025-06-30,NVDA,0.1258306729394935,0.0242369186733282,1,0.5665739132240918,1,0.5514324011481335,1
2025-06-30,PEP,0.0445318749952694,0.0242369186733282,1,0.49864467325734363,0,0.5345616011509532,1
2025-06-30,QCOM,-0.0784879949926715,0.0242369186733282,0,0.41879688481930616,0,0.3790261761492926,0
2025-06-30,TSLA,-0.0295599525914049,0.0242369186733282,0,0.4845082993952612,0,0.5024637022452759,1
2025-06-30,TXN,-0.1216227478027975,0.0242369186733282,0,0.45248431627991903,0,0.4324984266118248,0
2025-07-31,AAPL,0.1196389194803018,0.009539601296203,1,0.48463244874309186,0,0.43480499679239465,0
2025-07-31,ADBE,-0.0027677324711841,0.009539601296203,0,0.5347598254950603,1,0.48147790382536737,0
2025-07-31,AMAT,-0.104627632970725,0.009539601296203,0,0.5585032078896723,1,0.587423199267919,1
2025-07-31,AMD,-0.0775905669854877,0.009539601296203,0,0.6091647442636717,1,0.6007086567217922,1
2025-07-31,AMGN,-0.0171332293102948,0.009539601296203,0,0.48228032991722275,0,0.4526760601947171,0
2025-07-31,AMZN,-0.0218273486695538,0.009539601296203,0,0.5021649618617039,1,0.4437342748197998,0
2025-07-31,AVGO,0.0125637968511274,0.009539601296203,1,0.6309373404881407,1,0.6435047810299663,1
2025-07-31,COST,0.0053071794582035,0.009539601296203,0,0.43842934478160334,0,0.385660679615559,0
2025-07-31,CSCO,0.0148353550797901,0.009539601296203,1,0.5630280857702459,1,0.5853653861789261,1
2025-07-31,GOOG,0.1071762016293691,0.009539601296203,1,0.5225318694046743,1,0.5434585087021083,1
2025-07-31,GOOGL,0.1094840646563244,0.009539601296203,1,0.5343657363390377,1,0.5637213274742142,1
2025-07-31,INTU,-0.1504591937607036,0.009539601296203,0,0.4606437892526047,0,0.43758116585075923,0
2025-07-31,META,-0.0449162370501456,0.009539601296203,0,0.6134290163544927,1,0.5685320981445916,1
2025-07-31,MSFT,-0.0486917118745919,0.009539601296203,0,0.5325190912882645,1,0.4919307695776957,0
2025-07-31,NFLX,0.0421338140759894,0.009539601296203,1,0.5459107771160464,1,0.5803236740045796,1
2025-07-31,NVDA,-0.0207454732826847,0.009539601296203,0,0.5859772862607336,1,0.6003829992876998,1
2025-07-31,PEP,0.0777986006766586,0.009539601296203,1,0.5050873836524746,1,0.5176084333717191,1
2025-07-31,QCOM,0.0951894829549846,0.009539601296203,1,0.5009850437568806,1,0.4952353301920844,0
2025-07-31,TSLA,0.0830441074897507,0.009539601296203,1,0.4741062831410941,0,0.4124037884048696,0
2025-07-31,TXN,0.1183033216341853,0.009539601296203,1,0.5140395324585448,1,0.5054285629432312,1
2025-08-31,AAPL,0.0968812192629327,0.0537623217326979,1,0.52667855058888,1,0.5788812206759825,1
2025-08-31,ADBE,-0.0110737652701246,0.0537623217326979,0,0.5647040040383773,1,0.5771720494498858,1
2025-08-31,AMAT,0.2735755093113914,0.0537623217326979,1,0.5053199766267422,1,0.5136037485449746,1
2025-08-31,AMD,-0.0051651698423361,0.0537623217326979,0,0.5578979659356366,1,0.5526217014553395,1
2025-08-31,AMGN,-0.0191512289766477,0.0537623217326979,0,0.525703663595316,1,0.5253493503276345,1
2025-08-31,AMZN,-0.041179007317822,0.0537623217326979,0,0.5107650495043107,1,0.48793327670582937,0
2025-08-31,AVGO,0.1112520962130114,0.0537623217326979,1,0.5840706374043191,1,0.6002289656398407,1
2025-08-31,COST,-0.0187528605992463,0.0537623217326979,0,0.4695016223367414,0,0.43558220446380413,0
2025-08-31,CSCO,-0.0096973023724492,0.0537623217326979,0,0.5383990670738282,1,0.5338930886957568,1
2025-08-31,GOOG,0.1416086578417525,0.0537623217326979,1,0.5666098514587928,1,0.5511877304048227,1
2025-08-31,GOOGL,0.1428183421128872,0.0537623217326979,1,0.5540893064797409,1,0.5302199340026477,1
2025-08-31,INTU,0.023853112192002,0.0537623217326979,0,0.5426100073464084,1,0.5375135074092634,1
2025-08-31,META,-0.0051771804501959,0.0537623217326979,0,0.5272303651767134,1,0.5265134283585684,1
2025-08-31,MSFT,0.0222226828637941,0.0537623217326979,0,0.6038759954276334,1,0.6284649894475755,1
2025-08-31,NFLX,-0.0077219009376532,0.0537623217326979,0,0.5201648361837752,1,0.44846674964122335,0
2025-08-31,NVDA,0.0712511196392733,0.0537623217326979,1,0.5704428170506444,1,0.5823038285631251,1
2025-08-31,PEP,-0.045988077781585,0.0537623217326979,0,0.5325291379771747,1,0.5440409457268729,1
2025-08-31,QCOM,0.0409178097913875,0.0537623217326979,0,0.4976693633155663,0,0.5139589094285417,1
2025-08-31,TSLA,0.3320154782540658,0.0537623217326979,1,0.45430802879715154,0,0.4370491979995208,0
2025-08-31,TXN,-0.0926016830726043,0.0537623217326979,0,0.5113278151857756,1,0.4895296296754125,0
2025-09-30,AAPL,0.061815207668346,0.0478038018648532,1,0.555340085089316,1,0.5513811971772896,1
2025-09-30,ADBE,-0.0352657758792525,0.0478038018648532,0,0.5702337226556129,1,0.5564668721700102,1
2025-09-30,AMAT,0.1385171454787337,0.0478038018648532,1,0.5353531306028443,1,0.5360082012377557,1
2025-09-30,AMD,0.5830397783886911,0.0478038018648532,1,0.570074717116168,1,0.5629001533294503,1
2025-09-30,AMGN,0.0575123992858435,0.0478038018648532,1,0.5099903632684665,1,0.4829600197124369,0
2025-09-30,AMZN,0.1122648498166054,0.0478038018648532,1,0.5148874216838157,1,0.4992896382291899,0
2025-09-30,AVGO,0.1203965118934498,0.0478038018648532,1,0.49317779232622616,0,0.4772981034900625,0
2025-09-30,COST,-0.0139262112834579,0.0478038018648532,0,0.5090430428982134,1,0.4900014029243268,0
2025-09-30,CSCO,0.0749992601883446,0.0478038018648532,1,0.5213082001459568,1,0.5664539772993564,1
2025-09-30,GOOG,0.1571341494419047,0.0478038018648532,1,0.5463593419115257,1,0.5003027456122405,1
2025-09-30,GOOGL,0.1566844484934648,0.0478038018648532,1,0.5316714124958781,1,0.4960557170846735,0
2025-09-30,INTU,-0.0207055033133902,0.0478038018648532,0,0.4936730944228113,0,0.5121413677286547,1
2025-09-30,META,-0.1171464333124543,0.0478038018648532,0,0.49475028490548484,0,0.506376174276073,1
2025-09-30,MSFT,-0.0002703764529621,0.0478038018648532,0,0.5904652663855443,1,0.5691063761614388,1
2025-09-30,NFLX,-0.0667767392171451,0.0478038018648532,0,0.5313103851381197,1,0.538944864209327,1
2025-09-30,NVDA,0.0852717678839181,0.0478038018648532,1,0.5386560248790275,1,0.5218733074957421,1
2025-09-30,PEP,0.0402306185589036,0.0478038018648532,0,0.5247653344878491,1,0.4658529378340489,0
2025-09-30,QCOM,0.0874007511256687,0.0478038018648532,1,0.49894085338677596,0,0.4537763853333461,0
2025-09-30,TSLA,0.026623485126352,0.0478038018648532,0,0.6326197936504583,1,0.6031200635728317,1
2025-09-30,TXN,-0.1133666144757457,0.0478038018648532,0,0.467719122559715,0,0.43541070411142857,0
2025-10-31,AAPL,0.0323641735556694,-0.0156103125344173,1,0.5168199316899753,1,0.48129659901330135,0
2025-10-31,ADBE,-0.0592988534587692,-0.0156103125344173,0,0.4915894942841538,0,0.5103868852798393,1
2025-10-31,AMAT,0.0842748311044161,-0.0156103125344173,1,0.5054111138596767,1,0.4719405976291815,0
2025-10-31,AMD,-0.1506715487802262,-0.0156103125344173,0,0.5637622521099682,1,0.5632485569944741,1
2025-10-31,AMGN,0.1658477012755297,-0.0156103125344173,1,0.48993324850752135,0,0.4741843137678359,0
2025-10-31,AMZN,-0.0450413559291534,-0.0156103125344173,0,0.5029069666060287,1,0.4902942955871409,0
2025-10-31,AVGO,0.0901711705481083,-0.0156103125344173,1,0.491835157099264,0,0.46616622910530187,0
2025-10-31,COST,0.0023479613753503,-0.0156103125344173,1,0.49936888683076025,0,0.49553780301495115,0
2025-10-31,CSCO,0.0523869596128732,-0.0156103125344173,1,0.4773527021793555,0,0.45953244096408896,0
2025-10-31,GOOG,0.1359020785724563,-0.0156103125344173,1,0.6234620520890192,1,0.6129222448679408,1
2025-10-31,GOOGL,0.1386606475547467,-0.0156103125344173,1,0.6090075295337158,1,0.5930882027228628,1
2025-10-31,INTU,-0.0501385181648083,-0.0156103125344173,0,0.47515427939972465,0,0.48388930707385186,0
2025-10-31,META,-0.0006168941794297,-0.0156103125344173,1,0.5226776698658829,1,0.5363328922569506,1
2025-10-31,MSFT,-0.0480467906235131,-0.0156103125344173,0,0.5482300044723917,1,0.5719175971962625,1
2025-10-31,NFLX,-0.0384855986878255,-0.0156103125344173,0,0.45096919842505545,0,0.4445662663751587,0
2025-10-31,NVDA,-0.1258827775133191,-0.0156103125344173,0,0.514209532934338,1,0.4967526968053459,0
2025-10-31,PEP,0.0181395642422692,-0.0156103125344173,1,0.563957501319927,1,0.5154567394905489,1
2025-10-31,QCOM,-0.070812533929409,-0.0156103125344173,0,0.5906780945832902,1,0.6265147978356757,1
2025-10-31,TSLA,-0.0578017878744897,-0.0156103125344173,0,0.596024373015671,1,0.6173466520311259,1
2025-10-31,TXN,0.0421775930556937,-0.0156103125344173,1,0.46045198797208486,0,0.4619972704594654,0
2025-11-30,AAPL,-0.0250672886268734,-0.006699365349315,0,0.5445323316298332,1,0.4688618116479425,0
2025-11-30,ADBE,0.0932745600103717,-0.006699365349315,1,0.5381032944715068,1,0.5219671190316089,1
2025-11-30,AMAT,0.018790852645824,-0.006699365349315,1,0.6172063692801337,1,0.5981381714795196,1
2025-11-30,AMD,-0.0154920936702926,-0.006699365349315,0,0.4739338300438174,0,0.4809567393193433,0
2025-11-30,AMGN,-0.0525386731309793,-0.006699365349315,0,0.4584435411421493,0,0.43876423607230663,0
2025-11-30,AMZN,-0.0102906864073514,-0.006699365349315,0,0.46588509922598426,0,0.4535013880415634,0
2025-11-30,AVGO,-0.1394624026139842,-0.006699365349315,0,0.5167830007145102,1,0.5009269881528157,1
2025-11-30,COST,-0.0560973403777791,-0.006699365349315,0,0.4930452244091497,0,0.4758449661062886,0
2025-11-30,CSCO,0.0011697467886038,-0.006699365349315,1,0.5159225926226405,1,0.5042761334985477,1
2025-11-30,GOOG,-0.0191029452093197,-0.006699365349315,0,0.6093537627361585,1,0.6002041505470946,1
2025-11-30,GOOGL,-0.0217854356294473,-0.006699365349315,0,0.610376672350351,1,0.5771786231797827,1
2025-11-30,INTU,0.0446946312673244,-0.006699365349315,1,0.483075463112609,0,0.4564832177786849,0
2025-11-30,META,0.0195668422097461,-0.006699365349315,1,0.5434318395648626,1,0.5391214955005459,1
2025-11-30,MSFT,-0.017052520929609,-0.006699365349315,0,0.46110194167463364,0,0.3823002198951786,0
2025-11-30,NFLX,-0.1284625344822668,-0.006699365349315,0,0.505355215281338,1,0.45574477997610513,0
2025-11-30,NVDA,0.0537309315347924,-0.006699365349315,1,0.6372483815949991,1,0.6133613839232857,1
2025-11-30,PEP,-0.0256571712707275,-0.006699365349315,0,0.4739176539769335,0,0.4405774307499484,0
2025-11-30,QCOM,0.0228093174974415,-0.006699365349315,1,0.49124747558085896,0,0.44290111868829796,0
2025-11-30,TSLA,0.0454471190057812,-0.006699365349315,1,0.5296063828056412,1,0.5272781189817145,1
2025-11-30,TXN,0.0310215514564426,-0.006699365349315,1,0.5074646386608953,1,0.5301095056050077,1
2025-12-31,AAPL,-0.0455380852534945,0.0123065646397895,0,0.58205027110832,1,0.6094896409664861,1
2025-12-31,ADBE,-0.1621188943043153,0.0123065646397895,0,0.4929438195216834,0,0.481756211100473,0
2025-12-31,AMAT,0.2542123227822093,0.0123065646397895,1,0.6068164908561501,1,0.6210432357339088,1
2025-12-31,AMD,0.1053884557316289,0.0123065646397895,1,0.5262626166206166,1,0.5221070739800605,1
2025-12-31,AMGN,0.0445145017961234,0.0123065646397895,1,0.5344219051793739,1,0.495037901980123,0
2025-12-31,AMZN,0.0367385645024598,0.0123065646397895,1,0.49621582057396824,0,0.4667987203325276,0
2025-12-31,AVGO,-0.0427621654672941,0.0123065646397895,0,0.5933116569809677,1,0.5890747821202834,1
2025-12-31,COST,0.0918366644400849,0.0123065646397895,1,0.5049991914278659,1,0.5108978856577561,1
2025-12-31,CSCO,0.0221872633809263,0.0123065646397895,1,0.4827881844998896,0,0.4471337399612457,0
2025-12-31,GOOG,0.0788082474752849,0.0123065646397895,1,0.6082357914959495,1,0.6116731367744147,1
2025-12-31,GOOGL,0.0798721982346861,0.0123065646397895,1,0.6175940704464316,1,0.6221302967380087,1
2025-12-31,INTU,-0.2454350457313868,0.0123065646397895,0,0.4442015264389581,0,0.42905138576233376,0
2025-12-31,META,0.0854580689253095,0.0123065646397895,1,0.5045220109653376,1,0.48675538272746355,0
2025-12-31,MSFT,-0.1102725416573149,0.0123065646397895,0,0.4800445016007368,0,0.44737042024498,0
2025-12-31,NFLX,-0.1095350260075607,0.0123065646397895,0,0.5302696974880649,1,0.5302422919719229,1
2025-12-31,NVDA,0.0248258171525319,0.0123065646397895,1,0.5046294388838359,1,0.45236769083762446,0
2025-12-31,PEP,0.0704431840082866,0.0123065646397895,1,0.5055980219385373,1,0.46753925739973046,0
2025-12-31,QCOM,-0.1137679419887411,0.0123065646397895,0,0.45556271599766696,0,0.38823834784843075,0
2025-12-31,TSLA,-0.0429378224365815,0.0123065646397895,0,0.4569560027878835,0,0.40492033755018286,0
2025-12-31,TXN,0.250544398871003,0.0123065646397895,1,0.507858795891044,1,0.5503848732701552,1
2026-01-31,AAPL,0.0190657972612526,-0.023445512550915,1,0.5243868869213968,1,0.5120488560317762,1
2026-01-31,ADBE,-0.1051662279211956,-0.023445512550915,0,0.6250775927505781,1,0.6385587985802361,1
2026-01-31,AMAT,0.156503769293407,-0.023445512550915,1,0.5861483739873374,1,0.544292980085025,1
2026-01-31,AMD,-0.1542685323903946,-0.023445512550915,0,0.42597867722980437,0,0.4176676559010345,0
2026-01-31,AMGN,0.1432362323324021,-0.023445512550915,1,0.5347249871939683,1,0.5417857355933452,1
2026-01-31,AMZN,-0.1224404625077274,-0.023445512550915,0,0.4957061786249135,0,0.5114205830514055,1
2026-01-31,AVGO,-0.0354663539257567,-0.023445512550915,0,0.4879181302379515,0,0.48036753323922055,0
2026-01-31,COST,0.0750226146390742,-0.023445512550915,1,0.45826778684076336,0,0.43524397634419415,0
2026-01-31,CSCO,0.0145556817275827,-0.023445512550915,1,0.4947778160125065,0,0.422255688229624,0
2026-01-31,GOOG,-0.0800520829807351,-0.023445512550915,0,0.5722546477788601,1,0.5251799641518059,1
2026-01-31,GOOGL,-0.0776330856383754,-0.023445512550915,0,0.5694101388438297,1,0.5192084226496526,1
2026-01-31,INTU,-0.1801692270364647,-0.023445512550915,0,0.6215148026158143,1,0.6100872840294636,1
2026-01-31,META,-0.0953524306949691,-0.023445512550915,0,0.49851150121983323,0,0.47689442098411994,0
2026-01-31,MSFT,-0.0851834667392735,-0.023445512550915,0,0.48919334011225923,0,0.5366069285503202,1
2026-01-31,NFLX,0.1527129036558863,-0.023445512550915,1,0.44771367925543454,0,0.4538280874041942,0
2026-01-31,NVDA,-0.072934655525534,-0.023445512550915,0,0.4989989336159266,0,0.5115533134956066,1
2026-01-31,PEP,0.1048623309826402,-0.023445512550915,1,0.5205720185975549,1,0.5294536860637229,1
2026-01-31,QCOM,-0.0608879602232864,-0.023445512550915,0,0.4924949727999215,0,0.48765644339593117,0
2026-01-31,TSLA,-0.0648218992567539,-0.023445512550915,0,0.5152645331987562,1,0.47762380087706363,0
2026-01-31,TXN,-0.0159591646198673,-0.023445512550915,1,0.5871803775319525,1,0.6022801466865475,1
2026-02-28,AAPL,-0.0393292873989353,-0.04838249516441,1,0.5091468432207225,1,0.47607831045149124,0
2026-02-28,ADBE,-0.0736633571940529,-0.04838249516441,0,0.6453135981647958,1,0.6555442542027037,1
2026-02-28,AMAT,-0.0819500115680905,-0.04838249516441,0,0.5398959145166952,1,0.5249800776809659,1
2026-02-28,AMD,0.016083042075494,-0.04838249516441,1,0.574375371413697,1,0.5688612177742467,1
2026-02-28,AMGN,-0.0935438483422475,-0.04838249516441,0,0.592401317678564,1,0.6243192602964732,1
2026-02-28,AMZN,-0.0082380748930432,-0.04838249516441,1,0.674399701989688,1,0.644158757109792,1
2026-02-28,AVGO,-0.0293873502480307,-0.04838249516441,1,0.5085323112722733,1,0.47769438500669686,0
2026-02-28,COST,-0.0142067492187719,-0.04838249516441,1,0.5183766121417035,1,0.5152897609314917,1
2026-02-28,CSCO,-0.0235338473652071,-0.04838249516441,1,0.5196207587537874,1,0.5140900722411277,1
2026-02-28,GOOG,-0.0782452642465085,-0.04838249516441,0,0.5803484212521065,1,0.6205528827365137,1
2026-02-28,GOOGL,-0.0769745802781913,-0.04838249516441,0,0.5797077485054061,1,0.612822340666546,1
2026-02-28,INTU,0.0570863065314828,-0.04838249516441,1,0.630437131708995,1,0.6531200313304811,1
2026-02-28,META,-0.1165727797272506,-0.04838249516441,0,0.5072529823985235,1,0.5323383923957214,1
2026-02-28,MSFT,-0.0574680152016615,-0.04838249516441,0,0.6072163833975797,1,0.6141216827444991,1
2026-02-28,NFLX,-0.0009351240636767,-0.04838249516441,1,0.5052870755608078,1,0.4807302989008088,0
2026-02-28,NVDA,-0.0156925510196515,-0.04838249516441,1,0.5185562568288388,1,0.507603423219688,1
2026-02-28,PEP,-0.0769567063191792,-0.04838249516441,0,0.5659003165159195,1,0.598761324457114,1
2026-02-28,QCOM,-0.0895839606291548,-0.04838249516441,0,0.6053096496660563,1,0.6225897713701101,1
2026-02-28,TSLA,-0.0764204840111579,-0.04838249516441,0,0.554940400666717,1,0.549796498484257,1
2026-02-28,TXN,-0.0847201709083944,-0.04838249516441,0,0.5474088681152564,1,0.5208523019276523,1
2026-03-31,AAPL,0.0691911950066288,0.1569007687376087,0,0.4865869517668503,0,0.44593021290557666,0
2026-03-31,ADBE,0.0124239108512096,0.1569007687376087,0,0.6871888384305542,1,0.6487868162309794,1
2026-03-31,AMAT,0.1541881994148153,0.1569007687376087,0,0.47019523751330494,0,0.47183785634778125,0
2026-03-31,AMD,0.7425650248110034,0.1569007687376087,1,0.4985247750607977,0,0.49719411109344547,0
2026-03-31,AMGN,-0.0159159172280719,0.1569007687376087,0,0.5727516307454036,1,0.5918640341418434,1
2026-03-31,AMZN,0.2726748553374951,0.1569007687376087,1,0.5349543394310872,1,0.529128696664687,1
2026-03-31,AVGO,0.3486801004700972,0.1569007687376087,1,0.5056708558998732,1,0.45646872256391047,0
2026-03-31,COST,0.0181649277438011,0.1569007687376087,0,0.5068218062526204,1,0.508301909734672,1
2026-03-31,CSCO,0.1856658589490689,0.1569007687376087,1,0.5572264890954063,1,0.5680149591067115,1
2026-03-31,GOOG,0.3314509609892264,0.1569007687376087,1,0.6179068101100018,1,0.6254203140320581,1
2026-03-31,GOOGL,0.3381554975124616,0.1569007687376087,1,0.6215681939044667,1,0.6283832637779331,1
2026-03-31,INTU,-0.098708126210196,0.1569007687376087,0,0.5516144194063761,1,0.5877680690320508,1
2026-03-31,META,0.0695296514782868,0.1569007687376087,0,0.5319116242902432,1,0.4903186283784664,0
2026-03-31,MSFT,0.1016019642556758,0.1569007687376087,0,0.5777863042535449,1,0.6031304325728944,1
2026-03-31,NFLX,-0.0264170657848996,0.1569007687376087,0,0.4993490833592705,0,0.5242308488793767,1
2026-03-31,NVDA,0.1443234085538123,0.1569007687376087,0,0.48173161139392967,0,0.4702851242605583,0
2026-03-31,PEP,0.020606633260273,0.1569007687376087,0,0.5326402466342383,1,0.5446820681677468,1
2026-03-31,QCOM,0.3944712296321808,0.1569007687376087,1,0.574832396114831,1,0.5934846597082459,1
2026-03-31,TSLA,0.0265770138071621,0.1569007687376087,0,0.595178364716741,1,0.5518975560301699,1
2026-03-31,TXN,0.4478210837502554,0.1569007687376087,1,0.6179615002015729,1,0.6202645192365256,1
2026-04-30,AAPL,0.1510870878118577,0.1056848850894773,1,0.4687931180849203,0,0.41748430210662657,0
2026-04-30,ADBE,0.0532709671939144,0.1056848850894773,0,0.5712556802245344,1,0.5721580242307657,1
2026-04-30,AMAT,0.1422837269040517,0.1056848850894773,1,0.5019671829509817,1,0.46398991997827127,0
2026-04-30,AMD,0.4558943547170746,0.1056848850894773,1,0.5366871532162495,1,0.5348532681108398,1
2026-04-30,AMGN,-0.0199761404166848,0.1056848850894773,0,0.540874286050281,1,0.5679199082824354,1
2026-04-30,AMZN,0.0210519019891346,0.1056848850894773,0,0.5759539707699625,1,0.5965364748438899,1
2026-04-30,AVGO,0.0702872400219907,0.1056848850894773,0,0.6089107434879026,1,0.638220701763482,1
2026-04-30,COST,-0.0560085759854093,0.1056848850894773,0,0.5356786309743895,1,0.5088386088360379,1
2026-04-30,CSCO,0.3160655117551401,0.1056848850894773,1,0.5451316332605075,1,0.5488941759004785,1
2026-04-30,GOOG,-0.0144263433249531,0.1056848850894773,0,0.589220349652536,1,0.5785517921622405,1
2026-04-30,GOOGL,-0.0115904338806527,0.1056848850894773,0,0.5870959750477314,1,0.5808545787286085,1
2026-04-30,INTU,-0.1466409188727515,0.1056848850894773,0,0.5786694234537113,1,0.6017314185183086,1
2026-04-30,META,0.0336650942218894,0.1056848850894773,0,0.45415553932067276,0,0.4069098226257306,0
2026-04-30,MSFT,0.1065161348048717,0.1056848850894773,1,0.47815132038108554,0,0.5017495951918206,1
2026-04-30,NFLX,-0.0810811229334169,0.1056848850894773,0,0.4871620120307355,0,0.48175415035869806,0
2026-04-30,NVDA,0.0579746588165734,0.1056848850894773,0,0.42022066266368563,0,0.37966560881276734,0
2026-04-30,PEP,-0.0902264673073079,0.1056848850894773,0,0.5509223958555629,1,0.5098721125619974,1
2026-04-30,QCOM,0.3978171097936005,0.1056848850894773,1,0.49368440793038426,0,0.5013173148667237,1
2026-04-30,TSLA,0.141917571912985,0.1056848850894773,1,0.49978934699275535,0,0.45107824509706035,0
2026-04-30,TXN,0.0930453268254547,0.1056848850894773,0,0.5818190819298336,1,0.5795132409079343,1
2026-05-31,AAPL,-0.0727424610159107,-0.001490831230688,0,0.5038323572997455,1,0.5157801035074789,1
2026-05-31,ADBE,-0.2090582499479326,-0.001490831230688,0,0.5996758742941463,1,0.5741830020158875,1
2026-05-31,AMAT,0.6064524817180001,-0.001490831230688,1,0.5062469256699784,1,0.4390311754304728,0
2026-05-31,AMD,0.1255764398845664,-0.001490831230688,1,0.5153653570131057,1,0.5339803935954717,1
2026-05-31,AMGN,0.0752100297799869,-0.001490831230688,1,0.47124752017244087,0,0.4706804852649467,0
2026-05-31,AMZN,-0.1193467948651447,-0.001490831230688,0,0.5087224084303054,1,0.5000627779591561,1
2026-05-31,AVGO,-0.1531484762625794,-0.001490831230688,0,0.5656310716731653,1,0.53078945030305,1
2026-05-31,COST,-0.0218023637081818,-0.001490831230688,0,0.5113379691649337,1,0.46966656155713926,0
2026-05-31,CSCO,-0.0245806259437284,-0.001490831230688,0,0.6330732491014296,1,0.6157472677686057,1
2026-05-31,GOOG,-0.0608011120557968,-0.001490831230688,0,0.5550710469843474,1,0.5574048725245961,1
2026-05-31,GOOGL,-0.0598320859768355,-0.001490831230688,0,0.5492206230955736,1,0.5260223053522843,1
2026-05-31,INTU,-0.2127409641478356,-0.001490831230688,0,0.678055577482314,1,0.6750063656849254,1
2026-05-31,META,-0.1086116431936491,-0.001490831230688,0,0.4784666045981533,0,0.4383549866264234,0
2026-05-31,MSFT,-0.1715085352158653,-0.001490831230688,0,0.4717685703377669,0,0.4928525733819615,0
2026-05-31,NFLX,-0.1699604241773233,-0.001490831230688,0,0.4868737805950471,0,0.5013188363899863,1
2026-05-31,NVDA,-0.0512304934107208,-0.001490831230688,0,0.4964022559645293,0,0.46308456806957365,0
2026-05-31,PEP,-0.0510816146417201,-0.001490831230688,0,0.42576628707071196,0,0.4278226782650306,0
2026-05-31,QCOM,-0.2611245912981512,-0.001490831230688,0,0.5371333137173534,1,0.5474603921566703,1
2026-05-31,TSLA,-0.0348562430151274,-0.001490831230688,0,0.4418076002215861,0,0.38737516809237466,0
2026-05-31,TXN,-0.0248952680381473,-0.001490831230688,0,0.6211151034312156,1,0.6110124012928746,1
2026-06-30,AAPL,0.1286633013237643,-0.0547800455161126,1,0.45333344671208825,0,0.42998594325687417,0
2026-06-30,ADBE,0.1449614701071162,-0.0547800455161126,1,0.6783793782003699,1,0.6877507267285934,1
2026-06-30,AMAT,-0.2728907161728475,-0.0547800455161126,0,0.5499925998222145,1,0.5208731911569032,1
2026-06-30,AMD,-0.1331358892009763,-0.0547800455161126,0,0.3929682104054717,0,0.4382511072589512,0
2026-06-30,AMGN,0.0056611574566145,-0.0547800455161126,1,0.4795613411247772,0,0.42146530629458584,0
2026-06-30,AMZN,0.0488797907790408,-0.0547800455161126,1,0.48878702548369757,0,0.49946618926193337,0
2026-06-30,AVGO,0.0010853836190849,-0.0547800455161126,1,0.4895758548591074,0,0.46707336935484745,0
2026-06-30,COST,0.0003527821310989,-0.0547800455161126,1,0.47379734126783923,0,0.44087481238793413,0
2026-06-30,CSCO,-0.0540258699492648,-0.0547800455161126,1,0.5641048399066094,1,0.573056166378011,1
2026-06-30,GOOG,-0.0055471981704481,-0.0547800455161126,1,0.5171874159947778,1,0.45955896285632103,0
2026-06-30,GOOGL,-0.0150544392543316,-0.0547800455161126,1,0.5157531160615869,1,0.45083964536603616,0
2026-06-30,INTU,0.1307339164013421,-0.0547800455161126,1,0.7355392282189294,1,0.710136505082925,1
2026-06-30,META,0.1465674888229344,-0.0547800455161126,1,0.4991532852941358,0,0.5015224685778463,1
2026-06-30,MSFT,0.0784676971565112,-0.0547800455161126,1,0.6011016946609834,1,0.5802337950653953,1
2026-06-30,NFLX,-0.0532213301197269,-0.0547800455161126,1,0.6859454375031903,1,0.6780421568500925,1
2026-06-30,NVDA,0.0159428382217534,-0.0547800455161126,1,0.4184105549163156,0,0.38156371188244786,0
2026-06-30,PEP,0.0004432261454065,-0.0547800455161126,1,0.48066350482563386,0,0.47709605057434584,0
2026-06-30,QCOM,-0.0783050299672256,-0.0547800455161126,0,0.5463954750919338,1,0.5424387790740723,1
2026-06-30,TSLA,-0.1213266715139742,-0.0547800455161126,0,0.42691001306144255,0,0.38799903663245766,0
2026-06-30,TXN,-0.0469688316703794,-0.0547800455161126,1,0.5041385546870817,1,0.49350399903560854,0
